              x	              y	              z	           time	in	        Pore_volume	                 Na	                 Cl	                  K	                 Ca	       SolidCa,cell	       FluidCa,cell	             exchCa	              totCa	                 PV	           kg_water	
              0	              0	              0	            0.5	 1	   0.0000000000e+00	   2.9667029182e-06	   1.1999989853e+00	   5.8197690126e-06	   5.9999560677e-01	   5.5198185091e-08	   6.0211264272e-08	   5.5043973893e-05	   6.0043047669e-05	   2.5020000000e-02	   1.0007247885e-01	
              1	              0	              0	            0.5	 1	   0.0000000000e+00	   2.9667029182e-06	   1.1999989853e+00	   5.8197690126e-06	   5.9999560677e-01	   5.5198185091e-08	   6.0211264272e-08	   5.5043973893e-05	   6.0043047669e-05	   2.5020000000e-02	   1.0007247885e-01	
              0	              1	              0	            0.5	 1	   0.0000000000e+00	   2.9667029182e-06	   1.1999989853e+00	   5.8197690126e-06	   5.9999560677e-01	   5.5198185091e-08	   6.0211264272e-08	   5.5043973893e-05	   6.0043047669e-05	   2.5020000000e-02	   1.0007247885e-01	
              1	              1	              0	            0.5	 1	   0.0000000000e+00	   2.9667029182e-06	   1.1999989853e+00	   5.8197690126e-06	   5.9999560677e-01	   5.5198185091e-08	   6.0211264272e-08	   5.5043973893e-05	   6.0043047669e-05	   2.5020000000e-02	   1.0007247885e-01	
              0	              0	          0.002	            0.5	 1	   0.0000000000e+00	   5.6493720257e-06	   1.1999980698e+00	   1.1093843785e-05	   5.9999162840e-01	   1.1038749317e-07	   1.2041210395e-07	   5.5041747699e-05	   6.0040249624e-05	   5.0038000000e-02	   1.0006847893e-01	
              1	              0	          0.002	            0.5	 1	   0.0000000000e+00	   5.6493720257e-06	   1.1999980698e+00	   1.1093843785e-05	   5.9999162840e-01	   1.1038749317e-07	   1.2041210395e-07	   5.5041747699e-05	   6.0040249624e-05	   5.0038000000e-02	   1.0006847893e-01	
              0	              1	          0.002	            0.5	 1	   0.0000000000e+00	   5.6493720257e-06	   1.1999980698e+00	   1.1093843785e-05	   5.9999162840e-01	   1.1038749317e-07	   1.2041210395e-07	   5.5041747699e-05	   6.0040249624e-05	   5.0038000000e-02	   1.0006847893e-01	
              1	              1	          0.002	            0.5	 1	   0.0000000000e+00	   5.6493720257e-06	   1.1999980698e+00	   1.1093843785e-05	   5.9999162840e-01	   1.1038749317e-07	   1.2041210395e-07	   5.5041747699e-05	   6.0040249624e-05	   5.0038000000e-02	   1.0006847893e-01	
              0	              0	          0.004	            0.5	 1	   0.0000000000e+00	   9.9334839693e-06	   1.1999966161e+00	   1.9562377486e-05	   5.9998525209e-01	   1.1037858560e-07	   1.2040119850e-07	   5.5039506087e-05	   6.0037211582e-05	   5.0036000000e-02	   1.0006447887e-01	
              1	              0	          0.004	            0.5	 1	   0.0000000000e+00	   9.9334839693e-06	   1.1999966161e+00	   1.9562377486e-05	   5.9998525209e-01	   1.1037858560e-07	   1.2040119850e-07	   5.5039506087e-05	   6.0037211582e-05	   5.0036000000e-02	   1.0006447887e-01	
              0	              1	          0.004	            0.5	 1	   0.0000000000e+00	   9.9334839693e-06	   1.1999966161e+00	   1.9562377486e-05	   5.9998525209e-01	   1.1037858560e-07	   1.2040119850e-07	   5.5039506087e-05	   6.0037211582e-05	   5.0036000000e-02	   1.0006447887e-01	
              1	              1	          0.004	            0.5	 1	   0.0000000000e+00	   9.9334839693e-06	   1.1999966161e+00	   1.9562377486e-05	   5.9998525209e-01	   1.1037858560e-07	   1.2040119850e-07	   5.5039506087e-05	   6.0037211582e-05	   5.0036000000e-02	   1.0006447887e-01	
              0	              0	          0.006	            0.5	 1	   0.0000000000e+00	   1.6602936213e-05	   1.1999943692e+00	   3.2836087543e-05	   5.9997528052e-01	   1.1036963045e-07	   1.2038957200e-07	   5.5037240567e-05	   6.0033813731e-05	   5.0034000000e-02	   1.0006047862e-01	
              1	              0	          0.006	            0.5	 1	   0.0000000000e+00	   1.6602936213e-05	   1.1999943692e+00	   3.2836087543e-05	   5.9997528052e-01	   1.1036963045e-07	   1.2038957200e-07	   5.5037240567e-05	   6.0033813731e-05	   5.0034000000e-02	   1.0006047862e-01	
              0	              1	          0.006	            0.5	 1	   0.0000000000e+00	   1.6602936213e-05	   1.1999943692e+00	   3.2836087543e-05	   5.9997528052e-01	   1.1036963045e-07	   1.2038957200e-07	   5.5037240567e-05	   6.0033813731e-05	   5.0034000000e-02	   1.0006047862e-01	
              1	              1	          0.006	            0.5	 1	   0.0000000000e+00	   1.6602936213e-05	   1.1999943692e+00	   3.2836087543e-05	   5.9997528052e-01	   1.1036963045e-07	   1.2038957200e-07	   5.5037240567e-05	   6.0033813731e-05	   5.0034000000e-02	   1.0006047862e-01	
              0	              0	          0.008	            0.5	 1	   0.0000000000e+00	   2.6774059787e-05	   1.1999909718e+00	   5.3243591162e-05	   5.9995999123e-01	   1.1036060570e-07	   1.2037687890e-07	   5.5034940163e-05	   6.0029883719e-05	   5.0032000000e-02	   1.0005647809e-01	
              1	              0	          0.008	            0.5	 1	   0.0000000000e+00	   2.6774059787e-05	   1.1999909718e+00	   5.3243591162e-05	   5.9995999123e-01	   1.1036060570e-07	   1.2037687890e-07	   5.5034940163e-05	   6.0029883719e-05	   5.0032000000e-02	   1.0005647809e-01	
              0	              1	          0.008	            0.5	 1	   0.0000000000e+00	   2.6774059787e-05	   1.1999909718e+00	   5.3243591162e-05	   5.9995999123e-01	   1.1036060570e-07	   1.2037687890e-07	   5.5034940163e-05	   6.0029883719e-05	   5.0032000000e-02	   1.0005647809e-01	
              1	              1	          0.008	            0.5	 1	   0.0000000000e+00	   2.6774059787e-05	   1.1999909718e+00	   5.3243591162e-05	   5.9995999123e-01	   1.1036060570e-07	   1.2037687890e-07	   5.5034940163e-05	   6.0029883719e-05	   5.0032000000e-02	   1.0005647809e-01	
              0	              0	           0.01	            0.5	 1	   0.0000000000e+00	   4.2019926291e-05	   1.1999859300e+00	   8.4121509476e-05	   5.9993692936e-01	   1.1035147843e-07	   1.2036262682e-07	   5.5032588447e-05	   6.0025175923e-05	   5.0030000000e-02	   1.0005247716e-01	
              1	              0	           0.01	            0.5	 1	   0.0000000000e+00	   4.2019926291e-05	   1.1999859300e+00	   8.4121509476e-05	   5.9993692936e-01	   1.1035147843e-07	   1.2036262682e-07	   5.5032588447e-05	   6.0025175923e-05	   5.0030000000e-02	   1.0005247716e-01	
              0	              1	           0.01	            0.5	 1	   0.0000000000e+00	   4.2019926291e-05	   1.1999859300e+00	   8.4121509476e-05	   5.9993692936e-01	   1.1035147843e-07	   1.2036262682e-07	   5.5032588447e-05	   6.0025175923e-05	   5.0030000000e-02	   1.0005247716e-01	
              1	              1	           0.01	            0.5	 1	   0.0000000000e+00	   4.2019926291e-05	   1.1999859300e+00	   8.4121509476e-05	   5.9993692936e-01	   1.1035147843e-07	   1.2036262682e-07	   5.5032588447e-05	   6.0025175923e-05	   5.0030000000e-02	   1.0005247716e-01	
              0	              0	          0.012	            0.5	 1	   0.0000000000e+00	   6.4535814010e-05	   1.1999785689e+00	   1.3021253372e-04	   5.9990262596e-01	   1.1034220105e-07	   1.2034612002e-07	   5.5030161680e-05	   6.0019343272e-05	   5.0028000000e-02	   1.0004847566e-01	
              1	              0	          0.012	            0.5	 1	   0.0000000000e+00	   6.4535814010e-05	   1.1999785689e+00	   1.3021253372e-04	   5.9990262596e-01	   1.1034220105e-07	   1.2034612002e-07	   5.5030161680e-05	   6.0019343272e-05	   5.0028000000e-02	   1.0004847566e-01	
              0	              1	          0.012	            0.5	 1	   0.0000000000e+00	   6.4535814010e-05	   1.1999785689e+00	   1.3021253372e-04	   5.9990262596e-01	   1.1034220105e-07	   1.2034612002e-07	   5.5030161680e-05	   6.0019343272e-05	   5.0028000000e-02	   1.0004847566e-01	
              1	              1	          0.012	            0.5	 1	   0.0000000000e+00	   6.4535814010e-05	   1.1999785689e+00	   1.3021253372e-04	   5.9990262596e-01	   1.1034220105e-07	   1.2034612002e-07	   5.5030161680e-05	   6.0019343272e-05	   5.0028000000e-02	   1.0004847566e-01	
              0	              0	          0.014	            0.5	 1	   0.0000000000e+00	   9.7357910824e-05	   1.1999679768e+00	   1.9820901850e-04	   5.9985221674e-01	   1.1033270951e-07	   1.2032638304e-07	   5.5027627905e-05	   6.0011899123e-05	   5.0026000000e-02	   1.0004447337e-01	
              1	              0	          0.014	            0.5	 1	   0.0000000000e+00	   9.7357910824e-05	   1.1999679768e+00	   1.9820901850e-04	   5.9985221674e-01	   1.1033270951e-07	   1.2032638304e-07	   5.5027627905e-05	   6.0011899123e-05	   5.0026000000e-02	   1.0004447337e-01	
              0	              1	          0.014	            0.5	 1	   0.0000000000e+00	   9.7357910824e-05	   1.1999679768e+00	   1.9820901850e-04	   5.9985221674e-01	   1.1033270951e-07	   1.2032638304e-07	   5.5027627905e-05	   6.0011899123e-05	   5.0026000000e-02	   1.0004447337e-01	
              1	              1	          0.014	            0.5	 1	   0.0000000000e+00	   9.7357910824e-05	   1.1999679768e+00	   1.9820901850e-04	   5.9985221674e-01	   1.1033270951e-07	   1.2032638304e-07	   5.5027627905e-05	   6.0011899123e-05	   5.0026000000e-02	   1.0004447337e-01	
              0	              0	          0.016	            0.5	 1	   0.0000000000e+00	   1.4465050215e-04	   1.1999529351e+00	   2.9749212464e-04	   5.9977892900e-01	   1.1032291051e-07	   1.2030205784e-07	   5.5024940576e-05	   6.0002165948e-05	   5.0024000000e-02	   1.0004046999e-01	
              1	              0	          0.016	            0.5	 1	   0.0000000000e+00	   1.4465050215e-04	   1.1999529351e+00	   2.9749212464e-04	   5.9977892900e-01	   1.1032291051e-07	   1.2030205784e-07	   5.5024940576e-05	   6.0002165948e-05	   5.0024000000e-02	   1.0004046999e-01	
              0	              1	          0.016	            0.5	 1	   0.0000000000e+00	   1.4465050215e-04	   1.1999529351e+00	   2.9749212464e-04	   5.9977892900e-01	   1.1032291051e-07	   1.2030205784e-07	   5.5024940576e-05	   6.0002165948e-05	   5.0024000000e-02	   1.0004046999e-01	
              1	              1	          0.016	            0.5	 1	   0.0000000000e+00	   1.4465050215e-04	   1.1999529351e+00	   2.9749212464e-04	   5.9977892900e-01	   1.1032291051e-07	   1.2030205784e-07	   5.5024940576e-05	   6.0002165948e-05	   5.0024000000e-02	   1.0004046999e-01	
              0	              0	          0.018	            0.5	 1	   0.0000000000e+00	   2.1208083938e-04	   1.1999318327e+00	   4.4113301952e-04	   5.9967339354e-01	   1.1031267690e-07	   1.2027126595e-07	   5.5022036264e-05	   5.9989206523e-05	   5.0022000000e-02	   1.0003646513e-01	
              1	              0	          0.018	            0.5	 1	   0.0000000000e+00	   2.1208083938e-04	   1.1999318327e+00	   4.4113301952e-04	   5.9967339354e-01	   1.1031267690e-07	   1.2027126595e-07	   5.5022036264e-05	   5.9989206523e-05	   5.0022000000e-02	   1.0003646513e-01	
              0	              1	          0.018	            0.5	 1	   0.0000000000e+00	   2.1208083938e-04	   1.1999318327e+00	   4.4113301952e-04	   5.9967339354e-01	   1.1031267690e-07	   1.2027126595e-07	   5.5022036264e-05	   5.9989206523e-05	   5.0022000000e-02	   1.0003646513e-01	
              1	              1	          0.018	            0.5	 1	   0.0000000000e+00	   2.1208083938e-04	   1.1999318327e+00	   4.4113301952e-04	   5.9967339354e-01	   1.1031267690e-07	   1.2027126595e-07	   5.5022036264e-05	   5.9989206523e-05	   5.0022000000e-02	   1.0003646513e-01	
              0	              0	           0.02	            0.5	 1	   0.0000000000e+00	   3.0730580445e-04	   1.1999025611e+00	   6.4724444738e-04	   5.9952272558e-01	   1.1030183149e-07	   1.2023142433e-07	   5.5018826548e-05	   5.9971732030e-05	   5.0020000000e-02	   1.0003245827e-01	
              1	              0	           0.02	            0.5	 1	   0.0000000000e+00	   3.0730580445e-04	   1.1999025611e+00	   6.4724444738e-04	   5.9952272558e-01	   1.1030183149e-07	   1.2023142433e-07	   5.5018826548e-05	   5.9971732030e-05	   5.0020000000e-02	   1.0003245827e-01	
              0	              1	           0.02	            0.5	 1	   0.0000000000e+00	   3.0730580445e-04	   1.1999025611e+00	   6.4724444738e-04	   5.9952272558e-01	   1.1030183149e-07	   1.2023142433e-07	   5.5018826548e-05	   5.9971732030e-05	   5.0020000000e-02	   1.0003245827e-01	
              1	              1	           0.02	            0.5	 1	   0.0000000000e+00	   3.0730580445e-04	   1.1999025611e+00	   6.4724444738e-04	   5.9952272558e-01	   1.1030183149e-07	   1.2023142433e-07	   5.5018826548e-05	   5.9971732030e-05	   5.0020000000e-02	   1.0003245827e-01	
              0	              0	          0.022	            0.5	 1	   0.0000000000e+00	   4.4060063236e-04	   1.1998623877e+00	   9.4079980678e-04	   5.9930930083e-01	   1.1029013304e-07	   1.2017900015e-07	   5.5015191061e-05	   5.9947979682e-05	   5.0018000000e-02	   1.0002844875e-01	
              1	              0	          0.022	            0.5	 1	   0.0000000000e+00	   4.4060063236e-04	   1.1998623877e+00	   9.4079980678e-04	   5.9930930083e-01	   1.1029013304e-07	   1.2017900015e-07	   5.5015191061e-05	   5.9947979682e-05	   5.0018000000e-02	   1.0002844875e-01	
              0	              1	          0.022	            0.5	 1	   0.0000000000e+00	   4.4060063236e-04	   1.1998623877e+00	   9.4079980678e-04	   5.9930930083e-01	   1.1029013304e-07	   1.2017900015e-07	   5.5015191061e-05	   5.9947979682e-05	   5.0018000000e-02	   1.0002844875e-01	
              1	              1	          0.022	            0.5	 1	   0.0000000000e+00	   4.4060063236e-04	   1.1998623877e+00	   9.4079980678e-04	   5.9930930083e-01	   1.1029013304e-07	   1.2017900015e-07	   5.5015191061e-05	   5.9947979682e-05	   5.0018000000e-02	   1.0002844875e-01	
              0	              0	          0.024	            0.5	 1	   0.0000000000e+00	   6.2566765203e-04	   1.1998078063e+00	   1.3560749473e-03	   5.9900913024e-01	   1.1027724525e-07	   1.2010918531e-07	   5.5010961988e-05	   5.9915550232e-05	   5.0016000000e-02	   1.0002443570e-01	
              1	              0	          0.024	            0.5	 1	   0.0000000000e+00	   6.2566765203e-04	   1.1998078063e+00	   1.3560749473e-03	   5.9900913024e-01	   1.1027724525e-07	   1.2010918531e-07	   5.5010961988e-05	   5.9915550232e-05	   5.0016000000e-02	   1.0002443570e-01	
              0	              1	          0.024	            0.5	 1	   0.0000000000e+00	   6.2566765203e-04	   1.1998078063e+00	   1.3560749473e-03	   5.9900913024e-01	   1.1027724525e-07	   1.2010918531e-07	   5.5010961988e-05	   5.9915550232e-05	   5.0016000000e-02	   1.0002443570e-01	
              1	              1	          0.024	            0.5	 1	   0.0000000000e+00	   6.2566765203e-04	   1.1998078063e+00	   1.3560749473e-03	   5.9900913024e-01	   1.1027724525e-07	   1.2010918531e-07	   5.5010961988e-05	   5.9915550232e-05	   5.0016000000e-02	   1.0002443570e-01	
              0	              0	          0.026	            0.5	 1	   0.0000000000e+00	   8.8067267996e-04	   1.1997343605e+00	   1.9399181442e-03	   5.9858970684e-01	   1.1026271419e-07	   1.2001546512e-07	   5.5005912808e-05	   5.9871192713e-05	   5.0014000000e-02	   1.0002041804e-01	
              1	              0	          0.026	            0.5	 1	   0.0000000000e+00	   8.8067267996e-04	   1.1997343605e+00	   1.9399181442e-03	   5.9858970684e-01	   1.1026271419e-07	   1.2001546512e-07	   5.5005912808e-05	   5.9871192713e-05	   5.0014000000e-02	   1.0002041804e-01	
              0	              1	          0.026	            0.5	 1	   0.0000000000e+00	   8.8067267996e-04	   1.1997343605e+00	   1.9399181442e-03	   5.9858970684e-01	   1.1026271419e-07	   1.2001546512e-07	   5.5005912808e-05	   5.9871192713e-05	   5.0014000000e-02	   1.0002041804e-01	
              1	              1	          0.026	            0.5	 1	   0.0000000000e+00	   8.8067267996e-04	   1.1997343605e+00	   1.9399181442e-03	   5.9858970684e-01	   1.1026271419e-07	   1.2001546512e-07	   5.5005912808e-05	   5.9871192713e-05	   5.0014000000e-02	   1.0002041804e-01	
              0	              0	          0.028	            0.5	 1	   0.0000000000e+00	   1.2295688947e-03	   1.1996364398e+00	   2.7561199021e-03	   5.9800715885e-01	   1.1024591871e-07	   1.1988904825e-07	   5.4999733551e-05	   5.9810519851e-05	   5.0012000000e-02	   1.0001639440e-01	
              1	              0	          0.028	            0.5	 1	   0.0000000000e+00	   1.2295688947e-03	   1.1996364398e+00	   2.7561199021e-03	   5.9800715885e-01	   1.1024591871e-07	   1.1988904825e-07	   5.4999733551e-05	   5.9810519851e-05	   5.0012000000e-02	   1.0001639440e-01	
              0	              1	          0.028	            0.5	 1	   0.0000000000e+00	   1.2295688947e-03	   1.1996364398e+00	   2.7561199021e-03	   5.9800715885e-01	   1.1024591871e-07	   1.1988904825e-07	   5.4999733551e-05	   5.9810519851e-05	   5.0012000000e-02	   1.0001639440e-01	
              1	              1	          0.028	            0.5	 1	   0.0000000000e+00	   1.2295688947e-03	   1.1996364398e+00	   2.7561199021e-03	   5.9800715885e-01	   1.1024591871e-07	   1.1988904825e-07	   5.4999733551e-05	   5.9810519851e-05	   5.0012000000e-02	   1.0001639440e-01	
              0	              0	           0.03	            0.5	 1	   0.0000000000e+00	   1.7037834362e-03	   1.1995070465e+00	   3.8912412708e-03	   5.9720249229e-01	   1.1022601427e-07	   1.1971811432e-07	   5.4992002733e-05	   5.9727632477e-05	   5.0010000000e-02	   1.0001236306e-01	
              1	              0	           0.03	            0.5	 1	   0.0000000000e+00	   1.7037834362e-03	   1.1995070465e+00	   3.8912412708e-03	   5.9720249229e-01	   1.1022601427e-07	   1.1971811432e-07	   5.4992002733e-05	   5.9727632477e-05	   5.0010000000e-02	   1.0001236306e-01	
              0	              1	           0.03	            0.5	 1	   0.0000000000e+00	   1.7037834362e-03	   1.1995070465e+00	   3.8912412708e-03	   5.9720249229e-01	   1.1022601427e-07	   1.1971811432e-07	   5.4992002733e-05	   5.9727632477e-05	   5.0010000000e-02	   1.0001236306e-01	
              1	              1	           0.03	            0.5	 1	   0.0000000000e+00	   1.7037834362e-03	   1.1995070465e+00	   3.8912412708e-03	   5.9720249229e-01	   1.1022601427e-07	   1.1971811432e-07	   5.4992002733e-05	   5.9727632477e-05	   5.0010000000e-02	   1.0001236306e-01	
              0	              0	          0.032	            0.5	 1	   0.0000000000e+00	   2.3443615081e-03	   1.1993375327e+00	   5.4623734117e-03	   5.9609663909e-01	   1.1020186078e-07	   1.1948682247e-07	   5.4982151348e-05	   5.9614624571e-05	   5.0008000000e-02	   1.0000832191e-01	
              1	              0	          0.032	            0.5	 1	   0.0000000000e+00	   2.3443615081e-03	   1.1993375327e+00	   5.4623734117e-03	   5.9609663909e-01	   1.1020186078e-07	   1.1948682247e-07	   5.4982151348e-05	   5.9614624571e-05	   5.0008000000e-02	   1.0000832191e-01	
              0	              1	          0.032	            0.5	 1	   0.0000000000e+00	   2.3443615081e-03	   1.1993375327e+00	   5.4623734117e-03	   5.9609663909e-01	   1.1020186078e-07	   1.1948682247e-07	   5.4982151348e-05	   5.9614624571e-05	   5.0008000000e-02	   1.0000832191e-01	
              1	              1	          0.032	            0.5	 1	   0.0000000000e+00	   2.3443615081e-03	   1.1993375327e+00	   5.4623734117e-03	   5.9609663909e-01	   1.1020186078e-07	   1.1948682247e-07	   5.4982151348e-05	   5.9614624571e-05	   5.0008000000e-02	   1.0000832191e-01	
              0	              0	          0.034	            0.5	 1	   0.0000000000e+00	   3.2046875429e-03	   1.1991173095e+00	   7.6274499755e-03	   5.9458394034e-01	   1.1017191028e-07	   1.1917400676e-07	   5.4969406803e-05	   5.9460931935e-05	   5.0006000000e-02	   1.0000426837e-01	
              1	              0	          0.034	            0.5	 1	   0.0000000000e+00	   3.2046875429e-03	   1.1991173095e+00	   7.6274499755e-03	   5.9458394034e-01	   1.1017191028e-07	   1.1917400676e-07	   5.4969406803e-05	   5.9460931935e-05	   5.0006000000e-02	   1.0000426837e-01	
              0	              1	          0.034	            0.5	 1	   0.0000000000e+00	   3.2046875429e-03	   1.1991173095e+00	   7.6274499755e-03	   5.9458394034e-01	   1.1017191028e-07	   1.1917400676e-07	   5.4969406803e-05	   5.9460931935e-05	   5.0006000000e-02	   1.0000426837e-01	
              1	              1	          0.034	            0.5	 1	   0.0000000000e+00	   3.2046875429e-03	   1.1991173095e+00	   7.6274499755e-03	   5.9458394034e-01	   1.1017191028e-07	   1.1917400676e-07	   5.4969406803e-05	   5.9460931935e-05	   5.0006000000e-02	   1.0000426837e-01	
              0	              0	          0.036	            0.5	 1	   0.0000000000e+00	   4.3539344447e-03	   1.1988335292e+00	   1.0598926876e-02	   5.9252358173e-01	   1.1013406805e-07	   1.1875146177e-07	   5.4952723569e-05	   5.9252476254e-05	   5.0004000000e-02	   1.0000019928e-01	
              1	              0	          0.036	            0.5	 1	   0.0000000000e+00	   4.3539344447e-03	   1.1988335292e+00	   1.0598926876e-02	   5.9252358173e-01	   1.1013406805e-07	   1.1875146177e-07	   5.4952723569e-05	   5.9252476254e-05	   5.0004000000e-02	   1.0000019928e-01	
              0	              1	          0.036	            0.5	 1	   0.0000000000e+00	   4.3539344447e-03	   1.1988335292e+00	   1.0598926876e-02	   5.9252358173e-01	   1.1013406805e-07	   1.1875146177e-07	   5.4952723569e-05	   5.9252476254e-05	   5.0004000000e-02	   1.0000019928e-01	
              1	              1	          0.036	            0.5	 1	   0.0000000000e+00	   4.3539344447e-03	   1.1988335292e+00	   1.0598926876e-02	   5.9252358173e-01	   1.1013406805e-07	   1.1875146177e-07	   5.4952723569e-05	   5.9252476254e-05	   5.0004000000e-02	   1.0000019928e-01	
              0	              0	          0.038	            0.5	 1	   0.0000000000e+00	   5.8814317679e-03	   1.1984707454e+00	   1.4661892145e-02	   5.8972835451e-01	   1.1008550067e-07	   1.1818169311e-07	   5.4930687339e-05	   5.8970541934e-05	   5.0002000000e-02	   9.9996110892e-02	
              1	              0	          0.038	            0.5	 1	   0.0000000000e+00	   5.8814317679e-03	   1.1984707454e+00	   1.4661892145e-02	   5.8972835451e-01	   1.1008550067e-07	   1.1818169311e-07	   5.4930687339e-05	   5.8970541934e-05	   5.0002000000e-02	   9.9996110892e-02	
              0	              1	          0.038	            0.5	 1	   0.0000000000e+00	   5.8814317679e-03	   1.1984707454e+00	   1.4661892145e-02	   5.8972835451e-01	   1.1008550067e-07	   1.1818169311e-07	   5.4930687339e-05	   5.8970541934e-05	   5.0002000000e-02	   9.9996110892e-02	
              1	              1	          0.038	            0.5	 1	   0.0000000000e+00	   5.8814317679e-03	   1.1984707454e+00	   1.4661892145e-02	   5.8972835451e-01	   1.1008550067e-07	   1.1818169311e-07	   5.4930687339e-05	   5.8970541934e-05	   5.0002000000e-02	   9.9996110892e-02	
              0	              0	           0.04	            0.5	 1	   0.0000000000e+00	   7.9021939854e-03	   1.1980105567e+00	   2.0197983359e-02	   5.8594993246e-01	   1.1002235839e-07	   1.1741497098e-07	   5.4901376440e-05	   5.8590304880e-05	   5.0000000000e-02	   9.9991998692e-02	
              1	              0	           0.04	            0.5	 1	   0.0000000000e+00	   7.9021939854e-03	   1.1980105567e+00	   2.0197983359e-02	   5.8594993246e-01	   1.1002235839e-07	   1.1741497098e-07	   5.4901376440e-05	   5.8590304880e-05	   5.0000000000e-02	   9.9991998692e-02	
              0	              1	           0.04	            0.5	 1	   0.0000000000e+00	   7.9021939854e-03	   1.1980105567e+00	   2.0197983359e-02	   5.8594993246e-01	   1.1002235839e-07	   1.1741497098e-07	   5.4901376440e-05	   5.8590304880e-05	   5.0000000000e-02	   9.9991998692e-02	
              1	              1	           0.04	            0.5	 1	   0.0000000000e+00	   7.9021939854e-03	   1.1980105567e+00	   2.0197983359e-02	   5.8594993246e-01	   1.1002235839e-07	   1.1741497098e-07	   5.4901376440e-05	   5.8590304880e-05	   5.0000000000e-02	   9.9991998692e-02	
              0	              0	          0.042	            0.5	 1	   0.0000000000e+00	   1.0563913043e-02	   1.1974312417e+00	   2.7716881748e-02	   5.8085962821e-01	   1.0993940081e-07	   1.1638547936e-07	   5.4862174929e-05	   5.8078909661e-05	   4.9998000000e-02	   9.9987857376e-02	
              1	              0	          0.042	            0.5	 1	   0.0000000000e+00	   1.0563913043e-02	   1.1974312417e+00	   2.7716881748e-02	   5.8085962821e-01	   1.0993940081e-07	   1.1638547936e-07	   5.4862174929e-05	   5.8078909661e-05	   4.9998000000e-02	   9.9987857376e-02	
              0	              1	          0.042	            0.5	 1	   0.0000000000e+00	   1.0563913043e-02	   1.1974312417e+00	   2.7716881748e-02	   5.8085962821e-01	   1.0993940081e-07	   1.1638547936e-07	   5.4862174929e-05	   5.8078909661e-05	   4.9998000000e-02	   9.9987857376e-02	
              1	              1	          0.042	            0.5	 1	   0.0000000000e+00	   1.0563913043e-02	   1.1974312417e+00	   2.7716881748e-02	   5.8085962821e-01	   1.0993940081e-07	   1.1638547936e-07	   5.4862174929e-05	   5.8078909661e-05	   4.9998000000e-02	   9.9987857376e-02	
              0	              0	          0.044	            0.5	 1	   0.0000000000e+00	   1.4055797491e-02	   1.1967073980e+00	   3.7897623837e-02	   5.7402331703e-01	   1.0982945740e-07	   1.1500629875e-07	   5.4809503224e-05	   5.7392964066e-05	   4.9996000000e-02	   9.9983680737e-02	
              1	              0	          0.044	            0.5	 1	   0.0000000000e+00	   1.4055797491e-02	   1.1967073980e+00	   3.7897623837e-02	   5.7402331703e-01	   1.0982945740e-07	   1.1500629875e-07	   5.4809503224e-05	   5.7392964066e-05	   4.9996000000e-02	   9.9983680737e-02	
              0	              1	          0.044	            0.5	 1	   0.0000000000e+00	   1.4055797491e-02	   1.1967073980e+00	   3.7897623837e-02	   5.7402331703e-01	   1.0982945740e-07	   1.1500629875e-07	   5.4809503224e-05	   5.7392964066e-05	   4.9996000000e-02	   9.9983680737e-02	
              1	              1	          0.044	            0.5	 1	   0.0000000000e+00	   1.4055797491e-02	   1.1967073980e+00	   3.7897623837e-02	   5.7402331703e-01	   1.0982945740e-07	   1.1500629875e-07	   5.4809503224e-05	   5.7392964066e-05	   4.9996000000e-02	   9.9983680737e-02	
              0	              0	          0.046	            0.5	 1	   0.0000000000e+00	   1.8619735301e-02	   1.1958095973e+00	   5.1642507943e-02	   5.6486890068e-01	   1.0968263452e-07	   1.1316289709e-07	   5.4738422162e-05	   5.6475288558e-05	   4.9994000000e-02	   9.9979461587e-02	
              1	              0	          0.046	            0.5	 1	   0.0000000000e+00	   1.8619735301e-02	   1.1958095973e+00	   5.1642507943e-02	   5.6486890068e-01	   1.0968263452e-07	   1.1316289709e-07	   5.4738422162e-05	   5.6475288558e-05	   4.9994000000e-02	   9.9979461587e-02	
              0	              1	          0.046	            0.5	 1	   0.0000000000e+00	   1.8619735301e-02	   1.1958095973e+00	   5.1642507943e-02	   5.6486890068e-01	   1.0968263452e-07	   1.1316289709e-07	   5.4738422162e-05	   5.6475288558e-05	   4.9994000000e-02	   9.9979461587e-02	
              1	              1	          0.046	            0.5	 1	   0.0000000000e+00	   1.8619735301e-02	   1.1958095973e+00	   5.1642507943e-02	   5.6486890068e-01	   1.0968263452e-07	   1.1316289709e-07	   5.4738422162e-05	   5.6475288558e-05	   4.9994000000e-02	   9.9979461587e-02	
              0	              0	          0.048	            0.5	 1	   0.0000000000e+00	   2.4564368809e-02	   1.1947040818e+00	   7.0146916909e-02	   5.5264437886e-01	   1.0948512534e-07	   1.1070474273e-07	   5.4642038804e-05	   5.5250727707e-05	   4.9992000000e-02	   9.9975191678e-02	
              1	              0	          0.048	            0.5	 1	   0.0000000000e+00	   2.4564368809e-02	   1.1947040818e+00	   7.0146916909e-02	   5.5264437886e-01	   1.0948512534e-07	   1.1070474273e-07	   5.4642038804e-05	   5.5250727707e-05	   4.9992000000e-02	   9.9975191678e-02	
              0	              1	          0.048	            0.5	 1	   0.0000000000e+00	   2.4564368809e-02	   1.1947040818e+00	   7.0146916909e-02	   5.5264437886e-01	   1.0948512534e-07	   1.1070474273e-07	   5.4642038804e-05	   5.5250727707e-05	   4.9992000000e-02	   9.9975191678e-02	
              1	              1	          0.048	            0.5	 1	   0.0000000000e+00	   2.4564368809e-02	   1.1947040818e+00	   7.0146916909e-02	   5.5264437886e-01	   1.0948512534e-07	   1.1070474273e-07	   5.4642038804e-05	   5.5250727707e-05	   4.9992000000e-02	   9.9975191678e-02	
              0	              0	           0.05	            0.5	 1	   0.0000000000e+00	   3.2282791747e-02	   1.1933525133e+00	   9.4988767597e-02	   5.3636424140e-01	   1.0921734454e-07	   1.0743458271e-07	   5.4510575041e-05	   5.3620795369e-05	   4.9990000000e-02	   9.9970861646e-02	
              1	              0	           0.05	            0.5	 1	   0.0000000000e+00	   3.2282791747e-02	   1.1933525133e+00	   9.4988767597e-02	   5.3636424140e-01	   1.0921734454e-07	   1.0743458271e-07	   5.4510575041e-05	   5.3620795369e-05	   4.9990000000e-02	   9.9970861646e-02	
              0	              1	           0.05	            0.5	 1	   0.0000000000e+00	   3.2282791747e-02	   1.1933525133e+00	   9.4988767597e-02	   5.3636424140e-01	   1.0921734454e-07	   1.0743458271e-07	   5.4510575041e-05	   5.3620795369e-05	   4.9990000000e-02	   9.9970861646e-02	
              1	              1	           0.05	            0.5	 1	   0.0000000000e+00	   3.2282791747e-02	   1.1933525133e+00	   9.4988767597e-02	   5.3636424140e-01	   1.0921734454e-07	   1.0743458271e-07	   5.4510575041e-05	   5.3620795369e-05	   4.9990000000e-02	   9.9970861646e-02	
              0	              0	          0.052	            0.5	 1	   0.0000000000e+00	   4.2274692776e-02	   1.1917118288e+00	   1.2824116771e-01	   5.1474209016e-01	   1.0885084946e-07	   1.0309496918e-07	   5.4329830309e-05	   5.1456945067e-05	   4.9988000000e-02	   9.9966460973e-02	
              1	              0	          0.052	            0.5	 1	   0.0000000000e+00	   4.2274692776e-02	   1.1917118288e+00	   1.2824116771e-01	   5.1474209016e-01	   1.0885084946e-07	   1.0309496918e-07	   5.4329830309e-05	   5.1456945067e-05	   4.9988000000e-02	   9.9966460973e-02	
              0	              1	          0.052	            0.5	 1	   0.0000000000e+00	   4.2274692776e-02	   1.1917118288e+00	   1.2824116771e-01	   5.1474209016e-01	   1.0885084946e-07	   1.0309496918e-07	   5.4329830309e-05	   5.1456945067e-05	   4.9988000000e-02	   9.9966460973e-02	
              1	              1	          0.052	            0.5	 1	   0.0000000000e+00	   4.2274692776e-02	   1.1917118288e+00	   1.2824116771e-01	   5.1474209016e-01	   1.0885084946e-07	   1.0309496918e-07	   5.4329830309e-05	   5.1456945067e-05	   4.9988000000e-02	   9.9966460973e-02	
              0	              0	          0.054	            0.5	 1	   0.0000000000e+00	   5.5173829054e-02	   1.1897342428e+00	   1.7261035526e-01	   4.8610792756e-01	   1.0834293968e-07	   9.7351723034e-08	   5.4078485128e-05	   4.8592309955e-05	   4.9986000000e-02	   9.9961977990e-02	
              1	              0	          0.054	            0.5	 1	   0.0000000000e+00	   5.5173829054e-02	   1.1897342428e+00	   1.7261035526e-01	   4.8610792756e-01	   1.0834293968e-07	   9.7351723034e-08	   5.4078485128e-05	   4.8592309955e-05	   4.9986000000e-02	   9.9961977990e-02	
              0	              1	          0.054	            0.5	 1	   0.0000000000e+00	   5.5173829054e-02	   1.1897342428e+00	   1.7261035526e-01	   4.8610792756e-01	   1.0834293968e-07	   9.7351723034e-08	   5.4078485128e-05	   4.8592309955e-05	   4.9986000000e-02	   9.9961977990e-02	
              1	              1	          0.054	            0.5	 1	   0.0000000000e+00	   5.5173829054e-02	   1.1897342428e+00	   1.7261035526e-01	   4.8610792756e-01	   1.0834293968e-07	   9.7351723034e-08	   5.4078485128e-05	   4.8592309955e-05	   4.9986000000e-02	   9.9961977990e-02	
              0	              0	          0.056	            0.5	 1	   0.0000000000e+00	   7.1781618268e-02	   1.1873674828e+00	   2.3159640596e-01	   4.4831100690e-01	   1.0762627019e-07	   8.9774516191e-08	   5.3722914979e-05	   4.4812002611e-05	   4.9984000000e-02	   9.9957399933e-02	
              1	              0	          0.056	            0.5	 1	   0.0000000000e+00	   7.1781618268e-02	   1.1873674828e+00	   2.3159640596e-01	   4.4831100690e-01	   1.0762627019e-07	   8.9774516191e-08	   5.3722914979e-05	   4.4812002611e-05	   4.9984000000e-02	   9.9957399933e-02	
              0	              1	          0.056	            0.5	 1	   0.0000000000e+00	   7.1781618268e-02	   1.1873674828e+00	   2.3159640596e-01	   4.4831100690e-01	   1.0762627019e-07	   8.9774516191e-08	   5.3722914979e-05	   4.4812002611e-05	   4.9984000000e-02	   9.9957399933e-02	
              1	              1	          0.056	            0.5	 1	   0.0000000000e+00	   7.1781618268e-02	   1.1873674828e+00	   2.3159640596e-01	   4.4831100690e-01	   1.0762627019e-07	   8.9774516191e-08	   5.3722914979e-05	   4.4812002611e-05	   4.9984000000e-02	   9.9957399933e-02	
              0	              0	          0.058	            0.5	 1	   0.0000000000e+00	   9.3107247660e-02	   1.1845553975e+00	   3.0966420821e-01	   3.9861429036e-01	   1.0658645703e-07	   7.9815785888e-08	   5.3206008967e-05	   3.9842579800e-05	   4.9982000000e-02	   9.9952713093e-02	
              1	              0	          0.058	            0.5	 1	   0.0000000000e+00	   9.3107247660e-02	   1.1845553975e+00	   3.0966420821e-01	   3.9861429036e-01	   1.0658645703e-07	   7.9815785888e-08	   5.3206008967e-05	   3.9842579800e-05	   4.9982000000e-02	   9.9952713093e-02	
              0	              1	          0.058	            0.5	 1	   0.0000000000e+00	   9.3107247660e-02	   1.1845553975e+00	   3.0966420821e-01	   3.9861429036e-01	   1.0658645703e-07	   7.9815785888e-08	   5.3206008967e-05	   3.9842579800e-05	   4.9982000000e-02	   9.9952713093e-02	
              1	              1	          0.058	            0.5	 1	   0.0000000000e+00	   9.3107247660e-02	   1.1845553975e+00	   3.0966420821e-01	   3.9861429036e-01	   1.0658645703e-07	   7.9815785888e-08	   5.3206008967e-05	   3.9842579800e-05	   4.9982000000e-02	   9.9952713093e-02	
              0	              0	           0.06	            0.5	 1	   0.0000000000e+00	   1.2041452376e-01	   1.1812391751e+00	   4.1240803203e-01	   3.3358873968e-01	   1.0500471965e-07	   6.6789629507e-08	   5.2418532109e-05	   3.3341495035e-05	   4.9980000000e-02	   9.9947903116e-02	
              1	              0	           0.06	            0.5	 1	   0.0000000000e+00	   1.2041452376e-01	   1.1812391751e+00	   4.1240803203e-01	   3.3358873968e-01	   1.0500471965e-07	   6.6789629507e-08	   5.2418532109e-05	   3.3341495035e-05	   4.9980000000e-02	   9.9947903116e-02	
              0	              1	           0.06	            0.5	 1	   0.0000000000e+00	   1.2041452376e-01	   1.1812391751e+00	   4.1240803203e-01	   3.3358873968e-01	   1.0500471965e-07	   6.6789629507e-08	   5.2418532109e-05	   3.3341495035e-05	   4.9980000000e-02	   9.9947903116e-02	
              1	              1	           0.06	            0.5	 1	   0.0000000000e+00	   1.2041452376e-01	   1.1812391751e+00	   4.1240803203e-01	   3.3358873968e-01	   1.0500471965e-07	   6.6789629507e-08	   5.2418532109e-05	   3.3341495035e-05	   4.9980000000e-02	   9.9947903116e-02	
              0	              0	          0.062	            0.5	 1	   0.0000000000e+00	   1.5529313221e-01	   1.1773595953e+00	   5.4713716527e-01	   2.4878486813e-01	   1.0235860812e-07	   4.9806122874e-08	   5.1099633599e-05	   2.4864295017e-05	   4.9978000000e-02	   9.9942955552e-02	
              1	              0	          0.062	            0.5	 1	   0.0000000000e+00	   1.5529313221e-01	   1.1773595953e+00	   5.4713716527e-01	   2.4878486813e-01	   1.0235860812e-07	   4.9806122874e-08	   5.1099633599e-05	   2.4864295017e-05	   4.9978000000e-02	   9.9942955552e-02	
              0	              1	          0.062	            0.5	 1	   0.0000000000e+00	   1.5529313221e-01	   1.1773595953e+00	   5.4713716527e-01	   2.4878486813e-01	   1.0235860812e-07	   4.9806122874e-08	   5.1099633599e-05	   2.4864295017e-05	   4.9978000000e-02	   9.9942955552e-02	
              1	              1	          0.062	            0.5	 1	   0.0000000000e+00	   1.5529313221e-01	   1.1773595953e+00	   5.4713716527e-01	   2.4878486813e-01	   1.0235860812e-07	   4.9806122874e-08	   5.1099633599e-05	   2.4864295017e-05	   4.9978000000e-02	   9.9942955552e-02	
              0	              0	          0.064	            0.5	 1	   0.0000000000e+00	   2.0059893720e-01	   1.1728610748e+00	   7.4058239256e-01	   1.2940935120e-01	   9.6034760597e-08	   2.5905077593e-08	   4.7944550608e-05	   1.2932893214e-05	   4.9976000000e-02	   9.9937856842e-02	
              1	              0	          0.064	            0.5	 1	   0.0000000000e+00	   2.0059893720e-01	   1.1728610748e+00	   7.4058239256e-01	   1.2940935120e-01	   9.6034760597e-08	   2.5905077593e-08	   4.7944550608e-05	   1.2932893214e-05	   4.9976000000e-02	   9.9937856842e-02	
              0	              1	          0.064	            0.5	 1	   0.0000000000e+00	   2.0059893720e-01	   1.1728610748e+00	   7.4058239256e-01	   1.2940935120e-01	   9.6034760597e-08	   2.5905077593e-08	   4.7944550608e-05	   1.2932893214e-05	   4.9976000000e-02	   9.9937856842e-02	
              1	              1	          0.064	            0.5	 1	   0.0000000000e+00	   2.0059893720e-01	   1.1728610748e+00	   7.4058239256e-01	   1.2940935120e-01	   9.6034760597e-08	   2.5905077593e-08	   4.7944550608e-05	   1.2932893214e-05	   4.9976000000e-02	   9.9937856842e-02	
              0	              0	          0.066	            0.5	 1	   0.0000000000e+00	   2.5619220131e-01	   1.1676988699e+00	   9.1239981721e-01	   1.5704006055e-02	   6.8097995268e-08	   3.1433261763e-09	   3.3998714895e-05	   1.5693420940e-06	   4.9974000000e-02	   9.9932596082e-02	
              1	              0	          0.066	            0.5	 1	   0.0000000000e+00	   2.5619220131e-01	   1.1676988699e+00	   9.1239981721e-01	   1.5704006055e-02	   6.8097995268e-08	   3.1433261763e-09	   3.3998714895e-05	   1.5693420940e-06	   4.9974000000e-02	   9.9932596082e-02	
              0	              1	          0.066	            0.5	 1	   0.0000000000e+00	   2.5619220131e-01	   1.1676988699e+00	   9.1239981721e-01	   1.5704006055e-02	   6.8097995268e-08	   3.1433261763e-09	   3.3998714895e-05	   1.5693420940e-06	   4.9974000000e-02	   9.9932596082e-02	
              1	              1	          0.066	            0.5	 1	   0.0000000000e+00	   2.5619220131e-01	   1.1676988699e+00	   9.1239981721e-01	   1.5704006055e-02	   6.8097995268e-08	   3.1433261763e-09	   3.3998714895e-05	   1.5693420940e-06	   4.9974000000e-02	   9.9932596082e-02	
              0	              0	          0.068	            0.5	 1	   0.0000000000e+00	   3.0830898366e-01	   1.1618518939e+00	   8.8683843249e-01	   2.4263064747e-03	   3.4850038534e-08	   4.8560559440e-10	   1.7399982780e-05	   2.4245393508e-07	   4.9972000000e-02	   9.9927168152e-02	
              1	              0	          0.068	            0.5	 1	   0.0000000000e+00	   3.0830898366e-01	   1.1618518939e+00	   8.8683843249e-01	   2.4263064747e-03	   3.4850038534e-08	   4.8560559440e-10	   1.7399982780e-05	   2.4245393508e-07	   4.9972000000e-02	   9.9927168152e-02	
              0	              1	          0.068	            0.5	 1	   0.0000000000e+00	   3.0830898366e-01	   1.1618518939e+00	   8.8683843249e-01	   2.4263064747e-03	   3.4850038534e-08	   4.8560559440e-10	   1.7399982780e-05	   2.4245393508e-07	   4.9972000000e-02	   9.9927168152e-02	
              1	              1	          0.068	            0.5	 1	   0.0000000000e+00	   3.0830898366e-01	   1.1618518939e+00	   8.8683843249e-01	   2.4263064747e-03	   3.4850038534e-08	   4.8560559440e-10	   1.7399982780e-05	   2.4245393508e-07	   4.9972000000e-02	   9.9927168152e-02	
              0	              0	           0.07	            0.5	 1	   0.0000000000e+00	   3.6263393612e-01	   1.1553455484e+00	   8.3594446658e-01	   7.1081243535e-04	   1.7025633917e-08	   1.4224970318e-10	   8.5009258634e-06	   7.1025501120e-08	   4.9970000000e-02	   9.9921579292e-02	
              1	              0	           0.07	            0.5	 1	   0.0000000000e+00	   3.6263393612e-01	   1.1553455484e+00	   8.3594446658e-01	   7.1081243535e-04	   1.7025633917e-08	   1.4224970318e-10	   8.5009258634e-06	   7.1025501120e-08	   4.9970000000e-02	   9.9921579292e-02	
              0	              1	           0.07	            0.5	 1	   0.0000000000e+00	   3.6263393612e-01	   1.1553455484e+00	   8.3594446658e-01	   7.1081243535e-04	   1.7025633917e-08	   1.4224970318e-10	   8.5009258634e-06	   7.1025501120e-08	   4.9970000000e-02	   9.9921579292e-02	
              1	              1	           0.07	            0.5	 1	   0.0000000000e+00	   3.6263393612e-01	   1.1553455484e+00	   8.3594446658e-01	   7.1081243535e-04	   1.7025633917e-08	   1.4224970318e-10	   8.5009258634e-06	   7.1025501120e-08	   4.9970000000e-02	   9.9921579292e-02	
              0	              0	          0.072	            0.5	 1	   0.0000000000e+00	   4.1944835582e-01	   1.1482924163e+00	   7.8003187276e-01	   2.5989875691e-04	   8.2441029673e-09	   5.2006580581e-11	   4.1164583693e-06	   2.5968007040e-08	   4.9968000000e-02	   9.9915857038e-02	
              1	              0	          0.072	            0.5	 1	   0.0000000000e+00	   4.1944835582e-01	   1.1482924163e+00	   7.8003187276e-01	   2.5989875691e-04	   8.2441029673e-09	   5.2006580581e-11	   4.1164583693e-06	   2.5968007040e-08	   4.9968000000e-02	   9.9915857038e-02	
              0	              1	          0.072	            0.5	 1	   0.0000000000e+00	   4.1944835582e-01	   1.1482924163e+00	   7.8003187276e-01	   2.5989875691e-04	   8.2441029673e-09	   5.2006580581e-11	   4.1164583693e-06	   2.5968007040e-08	   4.9968000000e-02	   9.9915857038e-02	
              1	              1	          0.072	            0.5	 1	   0.0000000000e+00	   4.1944835582e-01	   1.1482924163e+00	   7.8003187276e-01	   2.5989875691e-04	   8.2441029673e-09	   5.2006580581e-11	   4.1164583693e-06	   2.5968007040e-08	   4.9968000000e-02	   9.9915857038e-02	
              0	              0	          0.074	            0.5	 1	   0.0000000000e+00	   4.7687596877e-01	   1.1409647157e+00	   7.2291660136e-01	   1.0372728488e-04	   3.9809663623e-09	   2.0754131341e-11	   1.9878619069e-06	   1.0363400077e-08	   4.9966000000e-02	   9.9910067915e-02	
              1	              0	          0.074	            0.5	 1	   0.0000000000e+00	   4.7687596877e-01	   1.1409647157e+00	   7.2291660136e-01	   1.0372728488e-04	   3.9809663623e-09	   2.0754131341e-11	   1.9878619069e-06	   1.0363400077e-08	   4.9966000000e-02	   9.9910067915e-02	
              0	              1	          0.074	            0.5	 1	   0.0000000000e+00	   4.7687596877e-01	   1.1409647157e+00	   7.2291660136e-01	   1.0372728488e-04	   3.9809663623e-09	   2.0754131341e-11	   1.9878619069e-06	   1.0363400077e-08	   4.9966000000e-02	   9.9910067915e-02	
              1	              1	          0.074	            0.5	 1	   0.0000000000e+00	   4.7687596877e-01	   1.1409647157e+00	   7.2291660136e-01	   1.0372728488e-04	   3.9809663623e-09	   2.0754131341e-11	   1.9878619069e-06	   1.0363400077e-08	   4.9966000000e-02	   9.9910067915e-02	
              0	              0	          0.076	            0.5	 1	   0.0000000000e+00	   5.3091645832e-01	   1.1339229912e+00	   6.6899669746e-01	   4.3433835213e-05	   1.9300660922e-09	   8.6895539792e-12	   9.6380076901e-07	   4.3392290249e-09	   4.9964000000e-02	   9.9904348848e-02	
              1	              0	          0.076	            0.5	 1	   0.0000000000e+00	   5.3091645832e-01	   1.1339229912e+00	   6.6899669746e-01	   4.3433835213e-05	   1.9300660922e-09	   8.6895539792e-12	   9.6380076901e-07	   4.3392290249e-09	   4.9964000000e-02	   9.9904348848e-02	
              0	              1	          0.076	            0.5	 1	   0.0000000000e+00	   5.3091645832e-01	   1.1339229912e+00	   6.6899669746e-01	   4.3433835213e-05	   1.9300660922e-09	   8.6895539792e-12	   9.6380076901e-07	   4.3392290249e-09	   4.9964000000e-02	   9.9904348848e-02	
              1	              1	          0.076	            0.5	 1	   0.0000000000e+00	   5.3091645832e-01	   1.1339229912e+00	   6.6899669746e-01	   4.3433835213e-05	   1.9300660922e-09	   8.6895539792e-12	   9.6380076901e-07	   4.3392290249e-09	   4.9964000000e-02	   9.9904348848e-02	
              0	              0	          0.078	            0.5	 1	   0.0000000000e+00	   5.7390157961e-01	   1.1282438235e+00	   6.2605877294e-01	   1.9834974763e-05	   9.8201203571e-10	   3.9678948901e-12	   4.9039866891e-07	   1.9814934051e-09	   4.9962000000e-02	   9.9898962753e-02	
              1	              0	          0.078	            0.5	 1	   0.0000000000e+00	   5.7390157961e-01	   1.1282438235e+00	   6.2605877294e-01	   1.9834974763e-05	   9.8201203571e-10	   3.9678948901e-12	   4.9039866891e-07	   1.9814934051e-09	   4.9962000000e-02	   9.9898962753e-02	
              0	              1	          0.078	            0.5	 1	   0.0000000000e+00	   5.7390157961e-01	   1.1282438235e+00	   6.2605877294e-01	   1.9834974763e-05	   9.8201203571e-10	   3.9678948901e-12	   4.9039866891e-07	   1.9814934051e-09	   4.9962000000e-02	   9.9898962753e-02	
              1	              1	          0.078	            0.5	 1	   0.0000000000e+00	   5.7390157961e-01	   1.1282438235e+00	   6.2605877294e-01	   1.9834974763e-05	   9.8201203571e-10	   3.9678948901e-12	   4.9039866891e-07	   1.9814934051e-09	   4.9962000000e-02	   9.9898962753e-02	
              0	              0	           0.08	            0.5	 1	   0.0000000000e+00	   5.9138172053e-01	   1.1259208202e+00	   6.0859137440e-01	   1.3463594866e-05	   3.4802332217e-10	   1.3465494563e-12	   3.4760675024e-07	   1.3449376830e-09	   2.4980000000e-02	   9.9894396435e-02	
              1	              0	           0.08	            0.5	 1	   0.0000000000e+00	   5.9138172053e-01	   1.1259208202e+00	   6.0859137440e-01	   1.3463594866e-05	   3.4802332217e-10	   1.3465494563e-12	   3.4760675024e-07	   1.3449376830e-09	   2.4980000000e-02	   9.9894396435e-02	
              0	              1	           0.08	            0.5	 1	   0.0000000000e+00	   5.9138172053e-01	   1.1259208202e+00	   6.0859137440e-01	   1.3463594866e-05	   3.4802332217e-10	   1.3465494563e-12	   3.4760675024e-07	   1.3449376830e-09	   2.4980000000e-02	   9.9894396435e-02	
              1	              1	           0.08	            0.5	 1	   0.0000000000e+00	   5.9138172053e-01	   1.1259208202e+00	   6.0859137440e-01	   1.3463594866e-05	   3.4802332217e-10	   1.3465494563e-12	   3.4760675024e-07	   1.3449376830e-09	   2.4980000000e-02	   9.9894396435e-02	
              0	              0	              0	              1	 1	   0.0000000000e+00	   0.0000000000e+00	   1.2000000000e+00	   0.0000000000e+00	   6.0000000000e-01	   5.5198213919e-08	   6.0644883030e-08	   5.5044002641e-05	   6.0475454995e-05	   2.5020000000e-02	   1.0079242499e-01	
              1	              0	              0	              1	 1	   0.0000000000e+00	   0.0000000000e+00	   1.2000000000e+00	   0.0000000000e+00	   6.0000000000e-01	   5.5198213919e-08	   6.0644883030e-08	   5.5044002641e-05	   6.0475454995e-05	   2.5020000000e-02	   1.0079242499e-01	
              0	              1	              0	              1	 1	   0.0000000000e+00	   0.0000000000e+00	   1.2000000000e+00	   0.0000000000e+00	   6.0000000000e-01	   5.5198213919e-08	   6.0644883030e-08	   5.5044002641e-05	   6.0475454995e-05	   2.5020000000e-02	   1.0079242499e-01	
              1	              1	              0	              1	 1	   0.0000000000e+00	   0.0000000000e+00	   1.2000000000e+00	   0.0000000000e+00	   6.0000000000e-01	   5.5198213919e-08	   6.0644883030e-08	   5.5044002641e-05	   6.0475454995e-05	   2.5020000000e-02	   1.0079242499e-01	
              0	              0	          0.002	              1	 1	   0.0000000000e+00	   0.0000000000e+00	   1.2000000000e+00	   0.0000000000e+00	   6.0000000000e-01	   1.1038760306e-07	   1.2125844743e-07	   5.5041802493e-05	   6.0462255987e-05	   5.0038000000e-02	   1.0077042665e-01	
              1	              0	          0.002	              1	 1	   0.0000000000e+00	   0.0000000000e+00	   1.2000000000e+00	   0.0000000000e+00	   6.0000000000e-01	   1.1038760306e-07	   1.2125844743e-07	   5.5041802493e-05	   6.0462255987e-05	   5.0038000000e-02	   1.0077042665e-01	
              0	              1	          0.002	              1	 1	   0.0000000000e+00	   0.0000000000e+00	   1.2000000000e+00	   0.0000000000e+00	   6.0000000000e-01	   1.1038760306e-07	   1.2125844743e-07	   5.5041802493e-05	   6.0462255987e-05	   5.0038000000e-02	   1.0077042665e-01	
              1	              1	          0.002	              1	 1	   0.0000000000e+00	   0.0000000000e+00	   1.2000000000e+00	   0.0000000000e+00	   6.0000000000e-01	   1.1038760306e-07	   1.2125844743e-07	   5.5041802493e-05	   6.0462255987e-05	   5.0038000000e-02	   1.0077042665e-01	
              0	              0	          0.004	              1	 1	   0.0000000000e+00	   0.0000000000e+00	   1.2000000000e+00	   0.0000000000e+00	   6.0000000000e-01	   1.1037877931e-07	   1.2122713092e-07	   5.5039602679e-05	   6.0449056979e-05	   5.0036000000e-02	   1.0074842830e-01	
              1	              0	          0.004	              1	 1	   0.0000000000e+00	   0.0000000000e+00	   1.2000000000e+00	   0.0000000000e+00	   6.0000000000e-01	   1.1037877931e-07	   1.2122713092e-07	   5.5039602679e-05	   6.0449056979e-05	   5.0036000000e-02	   1.0074842830e-01	
              0	              1	          0.004	              1	 1	   0.0000000000e+00	   0.0000000000e+00	   1.2000000000e+00	   0.0000000000e+00	   6.0000000000e-01	   1.1037877931e-07	   1.2122713092e-07	   5.5039602679e-05	   6.0449056979e-05	   5.0036000000e-02	   1.0074842830e-01	
              1	              1	          0.004	              1	 1	   0.0000000000e+00	   0.0000000000e+00	   1.2000000000e+00	   0.0000000000e+00	   6.0000000000e-01	   1.1037877931e-07	   1.2122713092e-07	   5.5039602679e-05	   6.0449056979e-05	   5.0036000000e-02	   1.0074842830e-01	
              0	              0	          0.006	              1	 1	   0.0000000000e+00	   0.0000000000e+00	   1.2000000000e+00	   0.0000000000e+00	   6.0000000000e-01	   1.1036995544e-07	   1.2119581653e-07	   5.5037402631e-05	   6.0435857971e-05	   5.0034000000e-02	   1.0072642995e-01	
              1	              0	          0.006	              1	 1	   0.0000000000e+00	   0.0000000000e+00	   1.2000000000e+00	   0.0000000000e+00	   6.0000000000e-01	   1.1036995544e-07	   1.2119581653e-07	   5.5037402631e-05	   6.0435857971e-05	   5.0034000000e-02	   1.0072642995e-01	
              0	              1	          0.006	              1	 1	   0.0000000000e+00	   0.0000000000e+00	   1.2000000000e+00	   0.0000000000e+00	   6.0000000000e-01	   1.1036995544e-07	   1.2119581653e-07	   5.5037402631e-05	   6.0435857971e-05	   5.0034000000e-02	   1.0072642995e-01	
              1	              1	          0.006	              1	 1	   0.0000000000e+00	   0.0000000000e+00	   1.2000000000e+00	   0.0000000000e+00	   6.0000000000e-01	   1.1036995544e-07	   1.2119581653e-07	   5.5037402631e-05	   6.0435857971e-05	   5.0034000000e-02	   1.0072642995e-01	
              0	              0	          0.008	              1	 1	   0.0000000000e+00	   0.0000000000e+00	   1.2000000000e+00	   0.0000000000e+00	   6.0000000000e-01	   1.1036113238e-07	   1.2116450425e-07	   5.5035202809e-05	   6.0422658963e-05	   5.0032000000e-02	   1.0070443161e-01	
              1	              0	          0.008	              1	 1	   0.0000000000e+00	   0.0000000000e+00	   1.2000000000e+00	   0.0000000000e+00	   6.0000000000e-01	   1.1036113238e-07	   1.2116450425e-07	   5.5035202809e-05	   6.0422658963e-05	   5.0032000000e-02	   1.0070443161e-01	
              0	              1	          0.008	              1	 1	   0.0000000000e+00	   0.0000000000e+00	   1.2000000000e+00	   0.0000000000e+00	   6.0000000000e-01	   1.1036113238e-07	   1.2116450425e-07	   5.5035202809e-05	   6.0422658963e-05	   5.0032000000e-02	   1.0070443161e-01	
              1	              1	          0.008	              1	 1	   0.0000000000e+00	   0.0000000000e+00	   1.2000000000e+00	   0.0000000000e+00	   6.0000000000e-01	   1.1036113238e-07	   1.2116450425e-07	   5.5035202809e-05	   6.0422658963e-05	   5.0032000000e-02	   1.0070443161e-01	
              0	              0	           0.01	              1	 1	   0.0000000000e+00	   0.0000000000e+00	   1.2000000000e+00	   0.0000000000e+00	   6.0000000000e-01	   1.1035231000e-07	   1.2113319409e-07	   5.5033003150e-05	   6.0409459955e-05	   5.0030000000e-02	   1.0068243326e-01	
              1	              0	           0.01	              1	 1	   0.0000000000e+00	   0.0000000000e+00	   1.2000000000e+00	   0.0000000000e+00	   6.0000000000e-01	   1.1035231000e-07	   1.2113319409e-07	   5.5033003150e-05	   6.0409459955e-05	   5.0030000000e-02	   1.0068243326e-01	
              0	              1	           0.01	              1	 1	   0.0000000000e+00	   0.0000000000e+00	   1.2000000000e+00	   0.0000000000e+00	   6.0000000000e-01	   1.1035231000e-07	   1.2113319409e-07	   5.5033003150e-05	   6.0409459955e-05	   5.0030000000e-02	   1.0068243326e-01	
              1	              1	           0.01	              1	 1	   0.0000000000e+00	   0.0000000000e+00	   1.2000000000e+00	   0.0000000000e+00	   6.0000000000e-01	   1.1035231000e-07	   1.2113319409e-07	   5.5033003150e-05	   6.0409459955e-05	   5.0030000000e-02	   1.0068243326e-01	
              0	              0	          0.012	              1	 1	   0.0000000000e+00	   0.0000000000e+00	   1.2000000000e+00	   0.0000000000e+00	   6.0000000000e-01	   1.1034348726e-07	   1.2110188604e-07	   5.5030803140e-05	   6.0396260947e-05	   5.0028000000e-02	   1.0066043491e-01	
              1	              0	          0.012	              1	 1	   0.0000000000e+00	   0.0000000000e+00	   1.2000000000e+00	   0.0000000000e+00	   6.0000000000e-01	   1.1034348726e-07	   1.2110188604e-07	   5.5030803140e-05	   6.0396260947e-05	   5.0028000000e-02	   1.0066043491e-01	
              0	              1	          0.012	              1	 1	   0.0000000000e+00	   0.0000000000e+00	   1.2000000000e+00	   0.0000000000e+00	   6.0000000000e-01	   1.1034348726e-07	   1.2110188604e-07	   5.5030803140e-05	   6.0396260947e-05	   5.0028000000e-02	   1.0066043491e-01	
              1	              1	          0.012	              1	 1	   0.0000000000e+00	   0.0000000000e+00	   1.2000000000e+00	   0.0000000000e+00	   6.0000000000e-01	   1.1034348726e-07	   1.2110188604e-07	   5.5030803140e-05	   6.0396260947e-05	   5.0028000000e-02	   1.0066043491e-01	
              0	              0	          0.014	              1	 1	   0.0000000000e+00	   0.0000000000e+00	   1.2000000000e+00	   0.0000000000e+00	   6.0000000000e-01	   1.1033466571e-07	   1.2107058011e-07	   5.5028603547e-05	   6.0383061939e-05	   5.0026000000e-02	   1.0063843657e-01	
              1	              0	          0.014	              1	 1	   0.0000000000e+00	   0.0000000000e+00	   1.2000000000e+00	   0.0000000000e+00	   6.0000000000e-01	   1.1033466571e-07	   1.2107058011e-07	   5.5028603547e-05	   6.0383061939e-05	   5.0026000000e-02	   1.0063843657e-01	
              0	              1	          0.014	              1	 1	   0.0000000000e+00	   0.0000000000e+00	   1.2000000000e+00	   0.0000000000e+00	   6.0000000000e-01	   1.1033466571e-07	   1.2107058011e-07	   5.5028603547e-05	   6.0383061939e-05	   5.0026000000e-02	   1.0063843657e-01	
              1	              1	          0.014	              1	 1	   0.0000000000e+00	   0.0000000000e+00	   1.2000000000e+00	   0.0000000000e+00	   6.0000000000e-01	   1.1033466571e-07	   1.2107058011e-07	   5.5028603547e-05	   6.0383061939e-05	   5.0026000000e-02	   1.0063843657e-01	
              0	              0	          0.016	              1	 1	   0.0000000000e+00	   0.0000000000e+00	   1.2000000000e+00	   0.0000000000e+00	   6.0000000000e-01	   1.1032584386e-07	   1.2103927629e-07	   5.5026403624e-05	   6.0369862931e-05	   5.0024000000e-02	   1.0061643822e-01	
              1	              0	          0.016	              1	 1	   0.0000000000e+00	   0.0000000000e+00	   1.2000000000e+00	   0.0000000000e+00	   6.0000000000e-01	   1.1032584386e-07	   1.2103927629e-07	   5.5026403624e-05	   6.0369862931e-05	   5.0024000000e-02	   1.0061643822e-01	
              0	              1	          0.016	              1	 1	   0.0000000000e+00	   0.0000000000e+00	   1.2000000000e+00	   0.0000000000e+00	   6.0000000000e-01	   1.1032584386e-07	   1.2103927629e-07	   5.5026403624e-05	   6.0369862931e-05	   5.0024000000e-02	   1.0061643822e-01	
              1	              1	          0.016	              1	 1	   0.0000000000e+00	   0.0000000000e+00	   1.2000000000e+00	   0.0000000000e+00	   6.0000000000e-01	   1.1032584386e-07	   1.2103927629e-07	   5.5026403624e-05	   6.0369862931e-05	   5.0024000000e-02	   1.0061643822e-01	
              0	              0	          0.018	              1	 1	   0.0000000000e+00	   0.0000000000e+00	   1.2000000000e+00	   0.0000000000e+00	   6.0000000000e-01	   1.1031702228e-07	   1.2100797459e-07	   5.5024203662e-05	   6.0356663923e-05	   5.0022000000e-02	   1.0059443987e-01	
              1	              0	          0.018	              1	 1	   0.0000000000e+00	   0.0000000000e+00	   1.2000000000e+00	   0.0000000000e+00	   6.0000000000e-01	   1.1031702228e-07	   1.2100797459e-07	   5.5024203662e-05	   6.0356663923e-05	   5.0022000000e-02	   1.0059443987e-01	
              0	              1	          0.018	              1	 1	   0.0000000000e+00	   0.0000000000e+00	   1.2000000000e+00	   0.0000000000e+00	   6.0000000000e-01	   1.1031702228e-07	   1.2100797459e-07	   5.5024203662e-05	   6.0356663923e-05	   5.0022000000e-02	   1.0059443987e-01	
              1	              1	          0.018	              1	 1	   0.0000000000e+00	   0.0000000000e+00	   1.2000000000e+00	   0.0000000000e+00	   6.0000000000e-01	   1.1031702228e-07	   1.2100797459e-07	   5.5024203662e-05	   6.0356663923e-05	   5.0022000000e-02	   1.0059443987e-01	
              0	              0	           0.02	              1	 1	   0.0000000000e+00	   0.0000000000e+00	   1.2000000000e+00	   0.0000000000e+00	   6.0000000000e-01	   1.1030820047e-07	   1.2097667501e-07	   5.5022003407e-05	   6.0343464915e-05	   5.0020000000e-02	   1.0057244153e-01	
              1	              0	           0.02	              1	 1	   0.0000000000e+00	   0.0000000000e+00	   1.2000000000e+00	   0.0000000000e+00	   6.0000000000e-01	   1.1030820047e-07	   1.2097667501e-07	   5.5022003407e-05	   6.0343464915e-05	   5.0020000000e-02	   1.0057244153e-01	
              0	              1	           0.02	              1	 1	   0.0000000000e+00	   0.0000000000e+00	   1.2000000000e+00	   0.0000000000e+00	   6.0000000000e-01	   1.1030820047e-07	   1.2097667501e-07	   5.5022003407e-05	   6.0343464915e-05	   5.0020000000e-02	   1.0057244153e-01	
              1	              1	           0.02	              1	 1	   0.0000000000e+00	   0.0000000000e+00	   1.2000000000e+00	   0.0000000000e+00	   6.0000000000e-01	   1.1030820047e-07	   1.2097667501e-07	   5.5022003407e-05	   6.0343464915e-05	   5.0020000000e-02	   1.0057244153e-01	
              0	              0	          0.022	              1	 1	   0.0000000000e+00	   0.0000000000e+00	   1.2000000000e+00	   0.0000000000e+00	   6.0000000000e-01	   1.1029938052e-07	   1.2094537754e-07	   5.5019803908e-05	   6.0330265907e-05	   5.0018000000e-02	   1.0055044318e-01	
              1	              0	          0.022	              1	 1	   0.0000000000e+00	   0.0000000000e+00	   1.2000000000e+00	   0.0000000000e+00	   6.0000000000e-01	   1.1029938052e-07	   1.2094537754e-07	   5.5019803908e-05	   6.0330265907e-05	   5.0018000000e-02	   1.0055044318e-01	
              0	              1	          0.022	              1	 1	   0.0000000000e+00	   0.0000000000e+00	   1.2000000000e+00	   0.0000000000e+00	   6.0000000000e-01	   1.1029938052e-07	   1.2094537754e-07	   5.5019803908e-05	   6.0330265907e-05	   5.0018000000e-02	   1.0055044318e-01	
              1	              1	          0.022	              1	 1	   0.0000000000e+00	   0.0000000000e+00	   1.2000000000e+00	   0.0000000000e+00	   6.0000000000e-01	   1.1029938052e-07	   1.2094537754e-07	   5.5019803908e-05	   6.0330265907e-05	   5.0018000000e-02	   1.0055044318e-01	
              0	              0	          0.024	              1	 1	   0.0000000000e+00	   0.0000000000e+00	   1.2000000000e+00	   0.0000000000e+00	   6.0000000000e-01	   1.1029055976e-07	   1.2091408219e-07	   5.5017603826e-05	   6.0317066899e-05	   5.0016000000e-02	   1.0052844483e-01	
              1	              0	          0.024	              1	 1	   0.0000000000e+00	   0.0000000000e+00	   1.2000000000e+00	   0.0000000000e+00	   6.0000000000e-01	   1.1029055976e-07	   1.2091408219e-07	   5.5017603826e-05	   6.0317066899e-05	   5.0016000000e-02	   1.0052844483e-01	
              0	              1	          0.024	              1	 1	   0.0000000000e+00	   0.0000000000e+00	   1.2000000000e+00	   0.0000000000e+00	   6.0000000000e-01	   1.1029055976e-07	   1.2091408219e-07	   5.5017603826e-05	   6.0317066899e-05	   5.0016000000e-02	   1.0052844483e-01	
              1	              1	          0.024	              1	 1	   0.0000000000e+00	   0.0000000000e+00	   1.2000000000e+00	   0.0000000000e+00	   6.0000000000e-01	   1.1029055976e-07	   1.2091408219e-07	   5.5017603826e-05	   6.0317066899e-05	   5.0016000000e-02	   1.0052844483e-01	
              0	              0	          0.026	              1	 1	   0.0000000000e+00	   0.0000000000e+00	   1.2000000000e+00	   0.0000000000e+00	   6.0000000000e-01	   1.1028173997e-07	   1.2088278896e-07	   5.5015404057e-05	   6.0303867891e-05	   5.0014000000e-02	   1.0050644649e-01	
              1	              0	          0.026	              1	 1	   0.0000000000e+00	   0.0000000000e+00	   1.2000000000e+00	   0.0000000000e+00	   6.0000000000e-01	   1.1028173997e-07	   1.2088278896e-07	   5.5015404057e-05	   6.0303867891e-05	   5.0014000000e-02	   1.0050644649e-01	
              0	              1	          0.026	              1	 1	   0.0000000000e+00	   0.0000000000e+00	   1.2000000000e+00	   0.0000000000e+00	   6.0000000000e-01	   1.1028173997e-07	   1.2088278896e-07	   5.5015404057e-05	   6.0303867891e-05	   5.0014000000e-02	   1.0050644649e-01	
              1	              1	          0.026	              1	 1	   0.0000000000e+00	   0.0000000000e+00	   1.2000000000e+00	   0.0000000000e+00	   6.0000000000e-01	   1.1028173997e-07	   1.2088278896e-07	   5.5015404057e-05	   6.0303867891e-05	   5.0014000000e-02	   1.0050644649e-01	
              0	              0	          0.028	              1	 1	   0.0000000000e+00	   0.0000000000e+00	   1.2000000000e+00	   0.0000000000e+00	   6.0000000000e-01	   1.1027292059e-07	   1.2085149784e-07	   5.5013204313e-05	   6.0290668883e-05	   5.0012000000e-02	   1.0048444814e-01	
              1	              0	          0.028	              1	 1	   0.0000000000e+00	   0.0000000000e+00	   1.2000000000e+00	   0.0000000000e+00	   6.0000000000e-01	   1.1027292059e-07	   1.2085149784e-07	   5.5013204313e-05	   6.0290668883e-05	   5.0012000000e-02	   1.0048444814e-01	
              0	              1	          0.028	              1	 1	   0.0000000000e+00	   0.0000000000e+00	   1.2000000000e+00	   0.0000000000e+00	   6.0000000000e-01	   1.1027292059e-07	   1.2085149784e-07	   5.5013204313e-05	   6.0290668883e-05	   5.0012000000e-02	   1.0048444814e-01	
              1	              1	          0.028	              1	 1	   0.0000000000e+00	   0.0000000000e+00	   1.2000000000e+00	   0.0000000000e+00	   6.0000000000e-01	   1.1027292059e-07	   1.2085149784e-07	   5.5013204313e-05	   6.0290668883e-05	   5.0012000000e-02	   1.0048444814e-01	
              0	              0	           0.03	              1	 1	   0.0000000000e+00	   0.0000000000e+00	   1.2000000000e+00	   0.0000000000e+00	   6.0000000000e-01	   1.1026409991e-07	   1.2082020884e-07	   5.5011003742e-05	   6.0277469875e-05	   5.0010000000e-02	   1.0046244979e-01	
              1	              0	           0.03	              1	 1	   0.0000000000e+00	   0.0000000000e+00	   1.2000000000e+00	   0.0000000000e+00	   6.0000000000e-01	   1.1026409991e-07	   1.2082020884e-07	   5.5011003742e-05	   6.0277469875e-05	   5.0010000000e-02	   1.0046244979e-01	
              0	              1	           0.03	              1	 1	   0.0000000000e+00	   0.0000000000e+00	   1.2000000000e+00	   0.0000000000e+00	   6.0000000000e-01	   1.1026409991e-07	   1.2082020884e-07	   5.5011003742e-05	   6.0277469875e-05	   5.0010000000e-02	   1.0046244979e-01	
              1	              1	           0.03	              1	 1	   0.0000000000e+00	   0.0000000000e+00	   1.2000000000e+00	   0.0000000000e+00	   6.0000000000e-01	   1.1026409991e-07	   1.2082020884e-07	   5.5011003742e-05	   6.0277469875e-05	   5.0010000000e-02	   1.0046244979e-01	
              0	              0	          0.032	              1	 1	   0.0000000000e+00	   0.0000000000e+00	   1.2000000000e+00	   0.0000000000e+00	   6.0000000000e-01	   1.1025528039e-07	   1.2078892195e-07	   5.5008803576e-05	   6.0264270867e-05	   5.0008000000e-02	   1.0044045144e-01	
              1	              0	          0.032	              1	 1	   0.0000000000e+00	   0.0000000000e+00	   1.2000000000e+00	   0.0000000000e+00	   6.0000000000e-01	   1.1025528039e-07	   1.2078892195e-07	   5.5008803576e-05	   6.0264270867e-05	   5.0008000000e-02	   1.0044045144e-01	
              0	              1	          0.032	              1	 1	   0.0000000000e+00	   0.0000000000e+00	   1.2000000000e+00	   0.0000000000e+00	   6.0000000000e-01	   1.1025528039e-07	   1.2078892195e-07	   5.5008803576e-05	   6.0264270867e-05	   5.0008000000e-02	   1.0044045144e-01	
              1	              1	          0.032	              1	 1	   0.0000000000e+00	   0.0000000000e+00	   1.2000000000e+00	   0.0000000000e+00	   6.0000000000e-01	   1.1025528039e-07	   1.2078892195e-07	   5.5008803576e-05	   6.0264270867e-05	   5.0008000000e-02	   1.0044045144e-01	
              0	              0	          0.034	              1	 1	   0.0000000000e+00	   0.0000000000e+00	   1.2000000000e+00	   0.0000000000e+00	   6.0000000000e-01	   1.1024646112e-07	   1.2075763718e-07	   5.5006603359e-05	   6.0251071859e-05	   5.0006000000e-02	   1.0041845310e-01	
              1	              0	          0.034	              1	 1	   0.0000000000e+00	   0.0000000000e+00	   1.2000000000e+00	   0.0000000000e+00	   6.0000000000e-01	   1.1024646112e-07	   1.2075763718e-07	   5.5006603359e-05	   6.0251071859e-05	   5.0006000000e-02	   1.0041845310e-01	
              0	              1	          0.034	              1	 1	   0.0000000000e+00	   0.0000000000e+00	   1.2000000000e+00	   0.0000000000e+00	   6.0000000000e-01	   1.1024646112e-07	   1.2075763718e-07	   5.5006603359e-05	   6.0251071859e-05	   5.0006000000e-02	   1.0041845310e-01	
              1	              1	          0.034	              1	 1	   0.0000000000e+00	   0.0000000000e+00	   1.2000000000e+00	   0.0000000000e+00	   6.0000000000e-01	   1.1024646112e-07	   1.2075763718e-07	   5.5006603359e-05	   6.0251071859e-05	   5.0006000000e-02	   1.0041845310e-01	
              0	              0	          0.036	              1	 1	   0.0000000000e+00	   0.0000000000e+00	   1.2000000000e+00	   0.0000000000e+00	   6.0000000000e-01	   1.1023764134e-07	   1.2072635453e-07	   5.5004402711e-05	   6.0237872851e-05	   5.0004000000e-02	   1.0039645475e-01	
              1	              0	          0.036	              1	 1	   0.0000000000e+00	   0.0000000000e+00	   1.2000000000e+00	   0.0000000000e+00	   6.0000000000e-01	   1.1023764134e-07	   1.2072635453e-07	   5.5004402711e-05	   6.0237872851e-05	   5.0004000000e-02	   1.0039645475e-01	
              0	              1	          0.036	              1	 1	   0.0000000000e+00	   0.0000000000e+00	   1.2000000000e+00	   0.0000000000e+00	   6.0000000000e-01	   1.1023764134e-07	   1.2072635453e-07	   5.5004402711e-05	   6.0237872851e-05	   5.0004000000e-02	   1.0039645475e-01	
              1	              1	          0.036	              1	 1	   0.0000000000e+00	   0.0000000000e+00	   1.2000000000e+00	   0.0000000000e+00	   6.0000000000e-01	   1.1023764134e-07	   1.2072635453e-07	   5.5004402711e-05	   6.0237872851e-05	   5.0004000000e-02	   1.0039645475e-01	
              0	              0	          0.038	              1	 1	   0.0000000000e+00	   0.0000000000e+00	   1.2000000000e+00	   0.0000000000e+00	   6.0000000000e-01	   1.1022882363e-07	   1.2069507399e-07	   5.5002202922e-05	   6.0224673843e-05	   5.0002000000e-02	   1.0037445640e-01	
              1	              0	          0.038	              1	 1	   0.0000000000e+00	   0.0000000000e+00	   1.2000000000e+00	   0.0000000000e+00	   6.0000000000e-01	   1.1022882363e-07	   1.2069507399e-07	   5.5002202922e-05	   6.0224673843e-05	   5.0002000000e-02	   1.0037445640e-01	
              0	              1	          0.038	              1	 1	   0.0000000000e+00	   0.0000000000e+00	   1.2000000000e+00	   0.0000000000e+00	   6.0000000000e-01	   1.1022882363e-07	   1.2069507399e-07	   5.5002202922e-05	   6.0224673843e-05	   5.0002000000e-02	   1.0037445640e-01	
              1	              1	          0.038	              1	 1	   0.0000000000e+00	   0.0000000000e+00	   1.2000000000e+00	   0.0000000000e+00	   6.0000000000e-01	   1.1022882363e-07	   1.2069507399e-07	   5.5002202922e-05	   6.0224673843e-05	   5.0002000000e-02	   1.0037445640e-01	
              0	              0	           0.04	              1	 1	   0.0000000000e+00	   0.0000000000e+00	   1.2000000000e+00	   0.0000000000e+00	   6.0000000000e-01	   1.1022000642e-07	   1.2066379557e-07	   5.5000003203e-05	   6.0211474835e-05	   5.0000000000e-02	   1.0035245806e-01	
              1	              0	           0.04	              1	 1	   0.0000000000e+00	   0.0000000000e+00	   1.2000000000e+00	   0.0000000000e+00	   6.0000000000e-01	   1.1022000642e-07	   1.2066379557e-07	   5.5000003203e-05	   6.0211474835e-05	   5.0000000000e-02	   1.0035245806e-01	
              0	              1	           0.04	              1	 1	   0.0000000000e+00	   0.0000000000e+00	   1.2000000000e+00	   0.0000000000e+00	   6.0000000000e-01	   1.1022000642e-07	   1.2066379557e-07	   5.5000003203e-05	   6.0211474835e-05	   5.0000000000e-02	   1.0035245806e-01	
              1	              1	           0.04	              1	 1	   0.0000000000e+00	   0.0000000000e+00	   1.2000000000e+00	   0.0000000000e+00	   6.0000000000e-01	   1.1022000642e-07	   1.2066379557e-07	   5.5000003203e-05	   6.0211474835e-05	   5.0000000000e-02	   1.0035245806e-01	
              0	              0	          0.042	              1	 1	   0.0000000000e+00	   0.0000000000e+00	   1.2000000000e+00	   0.0000000000e+00	   6.0000000000e-01	   1.1021118847e-07	   1.2063251926e-07	   5.4997802939e-05	   6.0198275827e-05	   4.9998000000e-02	   1.0033045971e-01	
              1	              0	          0.042	              1	 1	   0.0000000000e+00	   0.0000000000e+00	   1.2000000000e+00	   0.0000000000e+00	   6.0000000000e-01	   1.1021118847e-07	   1.2063251926e-07	   5.4997802939e-05	   6.0198275827e-05	   4.9998000000e-02	   1.0033045971e-01	
              0	              1	          0.042	              1	 1	   0.0000000000e+00	   0.0000000000e+00	   1.2000000000e+00	   0.0000000000e+00	   6.0000000000e-01	   1.1021118847e-07	   1.2063251926e-07	   5.4997802939e-05	   6.0198275827e-05	   4.9998000000e-02	   1.0033045971e-01	
              1	              1	          0.042	              1	 1	   0.0000000000e+00	   0.0000000000e+00	   1.2000000000e+00	   0.0000000000e+00	   6.0000000000e-01	   1.1021118847e-07	   1.2063251926e-07	   5.4997802939e-05	   6.0198275827e-05	   4.9998000000e-02	   1.0033045971e-01	
              0	              0	          0.044	              1	 1	   0.0000000000e+00	   0.0000000000e+00	   1.2000000000e+00	   0.0000000000e+00	   6.0000000000e-01	   1.1020237038e-07	   1.2060124507e-07	   5.4995602435e-05	   6.0185076819e-05	   4.9996000000e-02	   1.0030846136e-01	
              1	              0	          0.044	              1	 1	   0.0000000000e+00	   0.0000000000e+00	   1.2000000000e+00	   0.0000000000e+00	   6.0000000000e-01	   1.1020237038e-07	   1.2060124507e-07	   5.4995602435e-05	   6.0185076819e-05	   4.9996000000e-02	   1.0030846136e-01	
              0	              1	          0.044	              1	 1	   0.0000000000e+00	   0.0000000000e+00	   1.2000000000e+00	   0.0000000000e+00	   6.0000000000e-01	   1.1020237038e-07	   1.2060124507e-07	   5.4995602435e-05	   6.0185076819e-05	   4.9996000000e-02	   1.0030846136e-01	
              1	              1	          0.044	              1	 1	   0.0000000000e+00	   0.0000000000e+00	   1.2000000000e+00	   0.0000000000e+00	   6.0000000000e-01	   1.1020237038e-07	   1.2060124507e-07	   5.4995602435e-05	   6.0185076819e-05	   4.9996000000e-02	   1.0030846136e-01	
              0	              0	          0.046	              1	 1	   0.0000000000e+00	   0.0000000000e+00	   1.2000000000e+00	   0.0000000000e+00	   6.0000000000e-01	   1.1019355230e-07	   1.2056997300e-07	   5.4993401756e-05	   6.0171877811e-05	   4.9994000000e-02	   1.0028646302e-01	
              1	              0	          0.046	              1	 1	   0.0000000000e+00	   0.0000000000e+00	   1.2000000000e+00	   0.0000000000e+00	   6.0000000000e-01	   1.1019355230e-07	   1.2056997300e-07	   5.4993401756e-05	   6.0171877811e-05	   4.9994000000e-02	   1.0028646302e-01	
              0	              1	          0.046	              1	 1	   0.0000000000e+00	   0.0000000000e+00	   1.2000000000e+00	   0.0000000000e+00	   6.0000000000e-01	   1.1019355230e-07	   1.2056997300e-07	   5.4993401756e-05	   6.0171877811e-05	   4.9994000000e-02	   1.0028646302e-01	
              1	              1	          0.046	              1	 1	   0.0000000000e+00	   0.0000000000e+00	   1.2000000000e+00	   0.0000000000e+00	   6.0000000000e-01	   1.1019355230e-07	   1.2056997300e-07	   5.4993401756e-05	   6.0171877811e-05	   4.9994000000e-02	   1.0028646302e-01	
              0	              0	          0.048	              1	 1	   0.0000000000e+00	   0.0000000000e+00	   1.2000000000e+00	   0.0000000000e+00	   6.0000000000e-01	   1.1018473487e-07	   1.2053870304e-07	   5.4991201221e-05	   6.0158678803e-05	   4.9992000000e-02	   1.0026446467e-01	
              1	              0	          0.048	              1	 1	   0.0000000000e+00	   0.0000000000e+00	   1.2000000000e+00	   0.0000000000e+00	   6.0000000000e-01	   1.1018473487e-07	   1.2053870304e-07	   5.4991201221e-05	   6.0158678803e-05	   4.9992000000e-02	   1.0026446467e-01	
              0	              1	          0.048	              1	 1	   0.0000000000e+00	   0.0000000000e+00	   1.2000000000e+00	   0.0000000000e+00	   6.0000000000e-01	   1.1018473487e-07	   1.2053870304e-07	   5.4991201221e-05	   6.0158678803e-05	   4.9992000000e-02	   1.0026446467e-01	
              1	              1	          0.048	              1	 1	   0.0000000000e+00	   0.0000000000e+00	   1.2000000000e+00	   0.0000000000e+00	   6.0000000000e-01	   1.1018473487e-07	   1.2053870304e-07	   5.4991201221e-05	   6.0158678803e-05	   4.9992000000e-02	   1.0026446467e-01	
              0	              0	           0.05	              1	 1	   0.0000000000e+00	   0.0000000000e+00	   1.2000000000e+00	   0.0000000000e+00	   6.0000000000e-01	   1.1017591958e-07	   1.2050743520e-07	   5.4989001581e-05	   6.0145479795e-05	   4.9990000000e-02	   1.0024246632e-01	
              1	              0	           0.05	              1	 1	   0.0000000000e+00	   0.0000000000e+00	   1.2000000000e+00	   0.0000000000e+00	   6.0000000000e-01	   1.1017591958e-07	   1.2050743520e-07	   5.4989001581e-05	   6.0145479795e-05	   4.9990000000e-02	   1.0024246632e-01	
              0	              1	           0.05	              1	 1	   0.0000000000e+00	   0.0000000000e+00	   1.2000000000e+00	   0.0000000000e+00	   6.0000000000e-01	   1.1017591958e-07	   1.2050743520e-07	   5.4989001581e-05	   6.0145479795e-05	   4.9990000000e-02	   1.0024246632e-01	
              1	              1	           0.05	              1	 1	   0.0000000000e+00	   0.0000000000e+00	   1.2000000000e+00	   0.0000000000e+00	   6.0000000000e-01	   1.1017591958e-07	   1.2050743520e-07	   5.4989001581e-05	   6.0145479795e-05	   4.9990000000e-02	   1.0024246632e-01	
              0	              0	          0.052	              1	 1	   0.0000000000e+00	   0.0000000000e+00	   1.2000000000e+00	   0.0000000000e+00	   6.0000000000e-01	   1.1016710395e-07	   1.2047616947e-07	   5.4986801598e-05	   6.0132280787e-05	   4.9988000000e-02	   1.0022046798e-01	
              1	              0	          0.052	              1	 1	   0.0000000000e+00	   0.0000000000e+00	   1.2000000000e+00	   0.0000000000e+00	   6.0000000000e-01	   1.1016710395e-07	   1.2047616947e-07	   5.4986801598e-05	   6.0132280787e-05	   4.9988000000e-02	   1.0022046798e-01	
              0	              1	          0.052	              1	 1	   0.0000000000e+00	   0.0000000000e+00	   1.2000000000e+00	   0.0000000000e+00	   6.0000000000e-01	   1.1016710395e-07	   1.2047616947e-07	   5.4986801598e-05	   6.0132280787e-05	   4.9988000000e-02	   1.0022046798e-01	
              1	              1	          0.052	              1	 1	   0.0000000000e+00	   0.0000000000e+00	   1.2000000000e+00	   0.0000000000e+00	   6.0000000000e-01	   1.1016710395e-07	   1.2047616947e-07	   5.4986801598e-05	   6.0132280787e-05	   4.9988000000e-02	   1.0022046798e-01	
              0	              0	          0.054	              1	 1	   0.0000000000e+00	   0.0000000000e+00	   1.2000000000e+00	   0.0000000000e+00	   6.0000000000e-01	   1.1015829013e-07	   1.2044490587e-07	   5.4984602343e-05	   6.0119081779e-05	   4.9986000000e-02	   1.0019846963e-01	
              1	              0	          0.054	              1	 1	   0.0000000000e+00	   0.0000000000e+00	   1.2000000000e+00	   0.0000000000e+00	   6.0000000000e-01	   1.1015829013e-07	   1.2044490587e-07	   5.4984602343e-05	   6.0119081779e-05	   4.9986000000e-02	   1.0019846963e-01	
              0	              1	          0.054	              1	 1	   0.0000000000e+00	   0.0000000000e+00	   1.2000000000e+00	   0.0000000000e+00	   6.0000000000e-01	   1.1015829013e-07	   1.2044490587e-07	   5.4984602343e-05	   6.0119081779e-05	   4.9986000000e-02	   1.0019846963e-01	
              1	              1	          0.054	              1	 1	   0.0000000000e+00	   0.0000000000e+00	   1.2000000000e+00	   0.0000000000e+00	   6.0000000000e-01	   1.1015829013e-07	   1.2044490587e-07	   5.4984602343e-05	   6.0119081779e-05	   4.9986000000e-02	   1.0019846963e-01	
              0	              0	          0.056	              1	 1	   0.0000000000e+00	   0.0000000000e+00	   1.2000000000e+00	   0.0000000000e+00	   6.0000000000e-01	   1.1014947536e-07	   1.2041364437e-07	   5.4982402431e-05	   6.0105882770e-05	   4.9984000000e-02	   1.0017647128e-01	
              1	              0	          0.056	              1	 1	   0.0000000000e+00	   0.0000000000e+00	   1.2000000000e+00	   0.0000000000e+00	   6.0000000000e-01	   1.1014947536e-07	   1.2041364437e-07	   5.4982402431e-05	   6.0105882770e-05	   4.9984000000e-02	   1.0017647128e-01	
              0	              1	          0.056	              1	 1	   0.0000000000e+00	   0.0000000000e+00	   1.2000000000e+00	   0.0000000000e+00	   6.0000000000e-01	   1.1014947536e-07	   1.2041364437e-07	   5.4982402431e-05	   6.0105882770e-05	   4.9984000000e-02	   1.0017647128e-01	
              1	              1	          0.056	              1	 1	   0.0000000000e+00	   0.0000000000e+00	   1.2000000000e+00	   0.0000000000e+00	   6.0000000000e-01	   1.1014947536e-07	   1.2041364437e-07	   5.4982402431e-05	   6.0105882770e-05	   4.9984000000e-02	   1.0017647128e-01	
              0	              0	          0.058	              1	 1	   0.0000000000e+00	   0.0000000000e+00	   1.2000000000e+00	   0.0000000000e+00	   6.0000000000e-01	   1.1014066047e-07	   1.2038238499e-07	   5.4980202290e-05	   6.0092683762e-05	   4.9982000000e-02	   1.0015447294e-01	
              1	              0	          0.058	              1	 1	   0.0000000000e+00	   0.0000000000e+00	   1.2000000000e+00	   0.0000000000e+00	   6.0000000000e-01	   1.1014066047e-07	   1.2038238499e-07	   5.4980202290e-05	   6.0092683762e-05	   4.9982000000e-02	   1.0015447294e-01	
              0	              1	          0.058	              1	 1	   0.0000000000e+00	   0.0000000000e+00	   1.2000000000e+00	   0.0000000000e+00	   6.0000000000e-01	   1.1014066047e-07	   1.2038238499e-07	   5.4980202290e-05	   6.0092683762e-05	   4.9982000000e-02	   1.0015447294e-01	
              1	              1	          0.058	              1	 1	   0.0000000000e+00	   0.0000000000e+00	   1.2000000000e+00	   0.0000000000e+00	   6.0000000000e-01	   1.1014066047e-07	   1.2038238499e-07	   5.4980202290e-05	   6.0092683762e-05	   4.9982000000e-02	   1.0015447294e-01	
              0	              0	           0.06	              1	 1	   0.0000000000e+00	   0.0000000000e+00	   1.2000000000e+00	   0.0000000000e+00	   6.0000000000e-01	   1.1013184533e-07	   1.2035112773e-07	   5.4978001846e-05	   6.0079484754e-05	   4.9980000000e-02	   1.0013247459e-01	
              1	              0	           0.06	              1	 1	   0.0000000000e+00	   0.0000000000e+00	   1.2000000000e+00	   0.0000000000e+00	   6.0000000000e-01	   1.1013184533e-07	   1.2035112773e-07	   5.4978001846e-05	   6.0079484754e-05	   4.9980000000e-02	   1.0013247459e-01	
              0	              1	           0.06	              1	 1	   0.0000000000e+00	   0.0000000000e+00	   1.2000000000e+00	   0.0000000000e+00	   6.0000000000e-01	   1.1013184533e-07	   1.2035112773e-07	   5.4978001846e-05	   6.0079484754e-05	   4.9980000000e-02	   1.0013247459e-01	
              1	              1	           0.06	              1	 1	   0.0000000000e+00	   0.0000000000e+00	   1.2000000000e+00	   0.0000000000e+00	   6.0000000000e-01	   1.1013184533e-07	   1.2035112773e-07	   5.4978001846e-05	   6.0079484754e-05	   4.9980000000e-02	   1.0013247459e-01	
              0	              0	          0.062	              1	 1	   0.0000000000e+00	   0.0000000000e+00	   1.2000000000e+00	   0.0000000000e+00	   6.0000000000e-01	   1.1012303444e-07	   1.2031987259e-07	   5.4975803347e-05	   6.0066285746e-05	   4.9978000000e-02	   1.0011047624e-01	
              1	              0	          0.062	              1	 1	   0.0000000000e+00	   0.0000000000e+00	   1.2000000000e+00	   0.0000000000e+00	   6.0000000000e-01	   1.1012303444e-07	   1.2031987259e-07	   5.4975803347e-05	   6.0066285746e-05	   4.9978000000e-02	   1.0011047624e-01	
              0	              1	          0.062	              1	 1	   0.0000000000e+00	   0.0000000000e+00	   1.2000000000e+00	   0.0000000000e+00	   6.0000000000e-01	   1.1012303444e-07	   1.2031987259e-07	   5.4975803347e-05	   6.0066285746e-05	   4.9978000000e-02	   1.0011047624e-01	
              1	              1	          0.062	              1	 1	   0.0000000000e+00	   0.0000000000e+00	   1.2000000000e+00	   0.0000000000e+00	   6.0000000000e-01	   1.1012303444e-07	   1.2031987259e-07	   5.4975803347e-05	   6.0066285746e-05	   4.9978000000e-02	   1.0011047624e-01	
              0	              0	          0.064	              1	 1	   0.0000000000e+00	   0.0000000000e+00	   1.2000000000e+00	   0.0000000000e+00	   6.0000000000e-01	   1.1011421877e-07	   1.2028861956e-07	   5.4973602285e-05	   6.0053086738e-05	   4.9976000000e-02	   1.0008847790e-01	
              1	              0	          0.064	              1	 1	   0.0000000000e+00	   0.0000000000e+00	   1.2000000000e+00	   0.0000000000e+00	   6.0000000000e-01	   1.1011421877e-07	   1.2028861956e-07	   5.4973602285e-05	   6.0053086738e-05	   4.9976000000e-02	   1.0008847790e-01	
              0	              1	          0.064	              1	 1	   0.0000000000e+00	   0.0000000000e+00	   1.2000000000e+00	   0.0000000000e+00	   6.0000000000e-01	   1.1011421877e-07	   1.2028861956e-07	   5.4973602285e-05	   6.0053086738e-05	   4.9976000000e-02	   1.0008847790e-01	
              1	              1	          0.064	              1	 1	   0.0000000000e+00	   0.0000000000e+00	   1.2000000000e+00	   0.0000000000e+00	   6.0000000000e-01	   1.1011421877e-07	   1.2028861956e-07	   5.4973602285e-05	   6.0053086738e-05	   4.9976000000e-02	   1.0008847790e-01	
              0	              0	          0.066	              1	 1	   0.0000000000e+00	   0.0000000000e+00	   1.2000000000e+00	   0.0000000000e+00	   6.0000000000e-01	   1.1010540504e-07	   1.2025736865e-07	   5.4971402016e-05	   6.0039887730e-05	   4.9974000000e-02	   1.0006647955e-01	
              1	              0	          0.066	              1	 1	   0.0000000000e+00	   0.0000000000e+00	   1.2000000000e+00	   0.0000000000e+00	   6.0000000000e-01	   1.1010540504e-07	   1.2025736865e-07	   5.4971402016e-05	   6.0039887730e-05	   4.9974000000e-02	   1.0006647955e-01	
              0	              1	          0.066	              1	 1	   0.0000000000e+00	   0.0000000000e+00	   1.2000000000e+00	   0.0000000000e+00	   6.0000000000e-01	   1.1010540504e-07	   1.2025736865e-07	   5.4971402016e-05	   6.0039887730e-05	   4.9974000000e-02	   1.0006647955e-01	
              1	              1	          0.066	              1	 1	   0.0000000000e+00	   0.0000000000e+00	   1.2000000000e+00	   0.0000000000e+00	   6.0000000000e-01	   1.1010540504e-07	   1.2025736865e-07	   5.4971402016e-05	   6.0039887730e-05	   4.9974000000e-02	   1.0006647955e-01	
              0	              0	          0.068	              1	 1	   0.0000000000e+00	   0.0000000000e+00	   1.2000000000e+00	   0.0000000000e+00	   6.0000000000e-01	   1.1009659318e-07	   1.2022611985e-07	   5.4969202502e-05	   6.0026688722e-05	   4.9972000000e-02	   1.0004448120e-01	
              1	              0	          0.068	              1	 1	   0.0000000000e+00	   0.0000000000e+00	   1.2000000000e+00	   0.0000000000e+00	   6.0000000000e-01	   1.1009659318e-07	   1.2022611985e-07	   5.4969202502e-05	   6.0026688722e-05	   4.9972000000e-02	   1.0004448120e-01	
              0	              1	          0.068	              1	 1	   0.0000000000e+00	   0.0000000000e+00	   1.2000000000e+00	   0.0000000000e+00	   6.0000000000e-01	   1.1009659318e-07	   1.2022611985e-07	   5.4969202502e-05	   6.0026688722e-05	   4.9972000000e-02	   1.0004448120e-01	
              1	              1	          0.068	              1	 1	   0.0000000000e+00	   0.0000000000e+00	   1.2000000000e+00	   0.0000000000e+00	   6.0000000000e-01	   1.1009659318e-07	   1.2022611985e-07	   5.4969202502e-05	   6.0026688722e-05	   4.9972000000e-02	   1.0004448120e-01	
              0	              0	           0.07	              1	 1	   0.0000000000e+00	   0.0000000000e+00	   1.2000000000e+00	   0.0000000000e+00	   6.0000000000e-01	   1.1008778020e-07	   1.2019487317e-07	   5.4967002258e-05	   6.0013489714e-05	   4.9970000000e-02	   1.0002248286e-01	
              1	              0	           0.07	              1	 1	   0.0000000000e+00	   0.0000000000e+00	   1.2000000000e+00	   0.0000000000e+00	   6.0000000000e-01	   1.1008778020e-07	   1.2019487317e-07	   5.4967002258e-05	   6.0013489714e-05	   4.9970000000e-02	   1.0002248286e-01	
              0	              1	           0.07	              1	 1	   0.0000000000e+00	   0.0000000000e+00	   1.2000000000e+00	   0.0000000000e+00	   6.0000000000e-01	   1.1008778020e-07	   1.2019487317e-07	   5.4967002258e-05	   6.0013489714e-05	   4.9970000000e-02	   1.0002248286e-01	
              1	              1	           0.07	              1	 1	   0.0000000000e+00	   0.0000000000e+00	   1.2000000000e+00	   0.0000000000e+00	   6.0000000000e-01	   1.1008778020e-07	   1.2019487317e-07	   5.4967002258e-05	   6.0013489714e-05	   4.9970000000e-02	   1.0002248286e-01	
              0	              0	          0.072	              1	 1	   0.0000000000e+00	   0.0000000000e+00	   1.2000000000e+00	   0.0000000000e+00	   6.0000000000e-01	   1.1007896821e-07	   1.2016362860e-07	   5.4964802329e-05	   6.0000290706e-05	   4.9968000000e-02	   1.0000048451e-01	
              1	              0	          0.072	              1	 1	   0.0000000000e+00	   0.0000000000e+00	   1.2000000000e+00	   0.0000000000e+00	   6.0000000000e-01	   1.1007896821e-07	   1.2016362860e-07	   5.4964802329e-05	   6.0000290706e-05	   4.9968000000e-02	   1.0000048451e-01	
              0	              1	          0.072	              1	 1	   0.0000000000e+00	   0.0000000000e+00	   1.2000000000e+00	   0.0000000000e+00	   6.0000000000e-01	   1.1007896821e-07	   1.2016362860e-07	   5.4964802329e-05	   6.0000290706e-05	   4.9968000000e-02	   1.0000048451e-01	
              1	              1	          0.072	              1	 1	   0.0000000000e+00	   0.0000000000e+00	   1.2000000000e+00	   0.0000000000e+00	   6.0000000000e-01	   1.1007896821e-07	   1.2016362860e-07	   5.4964802329e-05	   6.0000290706e-05	   4.9968000000e-02	   1.0000048451e-01	
              0	              0	          0.074	              1	 1	   0.0000000000e+00	   0.0000000000e+00	   1.2000000000e+00	   0.0000000000e+00	   6.0000000000e-01	   1.1007015606e-07	   1.2013238615e-07	   5.4962602146e-05	   5.9987091698e-05	   4.9966000000e-02	   9.9978486164e-02	
              1	              0	          0.074	              1	 1	   0.0000000000e+00	   0.0000000000e+00	   1.2000000000e+00	   0.0000000000e+00	   6.0000000000e-01	   1.1007015606e-07	   1.2013238615e-07	   5.4962602146e-05	   5.9987091698e-05	   4.9966000000e-02	   9.9978486164e-02	
              0	              1	          0.074	              1	 1	   0.0000000000e+00	   0.0000000000e+00	   1.2000000000e+00	   0.0000000000e+00	   6.0000000000e-01	   1.1007015606e-07	   1.2013238615e-07	   5.4962602146e-05	   5.9987091698e-05	   4.9966000000e-02	   9.9978486164e-02	
              1	              1	          0.074	              1	 1	   0.0000000000e+00	   0.0000000000e+00	   1.2000000000e+00	   0.0000000000e+00	   6.0000000000e-01	   1.1007015606e-07	   1.2013238615e-07	   5.4962602146e-05	   5.9987091698e-05	   4.9966000000e-02	   9.9978486164e-02	
              0	              0	          0.076	              1	 1	   0.0000000000e+00	   0.0000000000e+00	   1.2000000000e+00	   0.0000000000e+00	   6.0000000000e-01	   1.1006134411e-07	   1.2010114582e-07	   5.4960401883e-05	   5.9973892690e-05	   4.9964000000e-02	   9.9956487817e-02	
              1	              0	          0.076	              1	 1	   0.0000000000e+00	   0.0000000000e+00	   1.2000000000e+00	   0.0000000000e+00	   6.0000000000e-01	   1.1006134411e-07	   1.2010114582e-07	   5.4960401883e-05	   5.9973892690e-05	   4.9964000000e-02	   9.9956487817e-02	
              0	              1	          0.076	              1	 1	   0.0000000000e+00	   0.0000000000e+00	   1.2000000000e+00	   0.0000000000e+00	   6.0000000000e-01	   1.1006134411e-07	   1.2010114582e-07	   5.4960401883e-05	   5.9973892690e-05	   4.9964000000e-02	   9.9956487817e-02	
              1	              1	          0.076	              1	 1	   0.0000000000e+00	   0.0000000000e+00	   1.2000000000e+00	   0.0000000000e+00	   6.0000000000e-01	   1.1006134411e-07	   1.2010114582e-07	   5.4960401883e-05	   5.9973892690e-05	   4.9964000000e-02	   9.9956487817e-02	
              0	              0	          0.078	              1	 1	   0.0000000000e+00	   0.0000000000e+00	   1.2000000000e+00	   0.0000000000e+00	   6.0000000000e-01	   1.1005253453e-07	   1.2006990760e-07	   5.4958202629e-05	   5.9960693682e-05	   4.9962000000e-02	   9.9934489470e-02	
              1	              0	          0.078	              1	 1	   0.0000000000e+00	   0.0000000000e+00	   1.2000000000e+00	   0.0000000000e+00	   6.0000000000e-01	   1.1005253453e-07	   1.2006990760e-07	   5.4958202629e-05	   5.9960693682e-05	   4.9962000000e-02	   9.9934489470e-02	
              0	              1	          0.078	              1	 1	   0.0000000000e+00	   0.0000000000e+00	   1.2000000000e+00	   0.0000000000e+00	   6.0000000000e-01	   1.1005253453e-07	   1.2006990760e-07	   5.4958202629e-05	   5.9960693682e-05	   4.9962000000e-02	   9.9934489470e-02	
              1	              1	          0.078	              1	 1	   0.0000000000e+00	   0.0000000000e+00	   1.2000000000e+00	   0.0000000000e+00	   6.0000000000e-01	   1.1005253453e-07	   1.2006990760e-07	   5.4958202629e-05	   5.9960693682e-05	   4.9962000000e-02	   9.9934489470e-02	
              0	              0	           0.08	              1	 1	   0.0000000000e+00	   0.0000000000e+00	   1.2000000000e+00	   0.0000000000e+00	   6.0000000000e-01	   5.5021861575e-08	   6.0019335752e-08	   5.4956002302e-05	   5.9947494674e-05	   2.4980000000e-02	   9.9912491123e-02	
              1	              0	           0.08	              1	 1	   0.0000000000e+00	   0.0000000000e+00	   1.2000000000e+00	   0.0000000000e+00	   6.0000000000e-01	   5.5021861575e-08	   6.0019335752e-08	   5.4956002302e-05	   5.9947494674e-05	   2.4980000000e-02	   9.9912491123e-02	
              0	              1	           0.08	              1	 1	   0.0000000000e+00	   0.0000000000e+00	   1.2000000000e+00	   0.0000000000e+00	   6.0000000000e-01	   5.5021861575e-08	   6.0019335752e-08	   5.4956002302e-05	   5.9947494674e-05	   2.4980000000e-02	   9.9912491123e-02	
              1	              1	           0.08	              1	 1	   0.0000000000e+00	   0.0000000000e+00	   1.2000000000e+00	   0.0000000000e+00	   6.0000000000e-01	   5.5021861575e-08	   6.0019335752e-08	   5.4956002302e-05	   5.9947494674e-05	   2.4980000000e-02	   9.9912491123e-02	
